,source,target
0,1729,Ants-review
1,1729,Artizen
2,1729,Nader Dabit
3,_slow_crypto - Fabrics of Reality,Surge
4,_slow_crypto - Fabrics of Reality,1Hive
5,_slow_crypto - Fabrics of Reality,Dream DAO
6,_slow_crypto - Fabrics of Reality,SuperBenefit
7,_slow_crypto - Fabrics of Reality,Leyline
8,_slow_crypto - Fabrics of Reality,DoinGud
9,_slow_crypto - Fabrics of Reality,Outlier Ventures
10,0xdaoApe,1Hive
11,0xdaoApe,TEC
12,0xdaoApe,The Commons Stack
13,0xdaoApe,GitcoinDAO
14,0xdaoApe,The DAOist
15,0xdaoApe,Gitcoin
16,0xdaoApe,Giveth
17,0xdaoApe,1Hive Gardens
18,1Hive,Curve Labs
19,1Hive,The Commons Stack
20,1Hive,GitcoinDAO
21,1Hive,The DAOist
22,1Hive,1Hive Gardens
23,1Hive,Citizen DAO
24,1Hive,DeveloperDAO
25,1Hive,Geo Web
26,1Hive,Gitcoin
27,1Hive,Giveth
28,1Hive,ixo
29,1Hive,Kolektivo
30,1Hive,Longtail Financial
31,1Hive,Panvala
32,1Hive,PrimeDAO
33,1Hive,Protein Community
34,1Hive,Solid World DAO
35,1Hive,TEC
36,1Hive Gardens,TEC
37,1Hive Gardens,Giveth
38,1Hive Gardens,Citizen DAO
39,1Hive Gardens,Longtail Financial
40,1Hive Gardens,Opscientia.eth
41,1Hive Gardens,Pozzle Planet
42,1Hive Gardens,Protein Community
43,1Hive Gardens,Solid World DAO
44,1Hive Gardens,The DAOist
45,1Hive Gardens,The Eden Dao
46,AcreDAOS,Toucan
47,AcreDAOS,Return Protocol
48,AcreDAOS,The Eden Dao
49,AcreDAOS,Blockchain for Climate foundation
50,AcreDAOS,Rainforest Direct
51,AcreDAOS,Giveth
52,AcreDAOS,All for Climate
53,AcreDAOS,Regen Network
54,AcreDAOS,DOER Money DAO
55,AcreDAOS,Open Forest Protocol
56,AcreDAOS,DoinGud
57,AcreDAOS,Impact
58,AcreDAOS,Public Land Protocol
59,AcreDAOS,Giving Block
60,AcreDAOS,VitaDAO
61,AcreDAOS,KlimaDAO
62,AcreDAOS,AYOWECCA
63,AcreDAOS,Endaoment
64,AcreDAOS,AntidoteDAO
65,AcreDAOS,Avano
66,AcreDAOS,Basin DAO
67,AcreDAOS,Carbon Captors 
68,AcreDAOS,Citizen DAO
69,AcreDAOS,ClimateDAO 
70,AcreDAOS,Cohere
71,AcreDAOS,EarthFund
72,AcreDAOS,Ecorise
73,AcreDAOS,ixo
74,AcreDAOS,LOA Labs
75,AcreDAOS,ReFi DAO
76,AcreDAOS,Shamba
77,AcreDAOS,Solid World DAO
78,AcreDAOS,Treejer Protocol
79,All for Climate,Curve Labs
80,All for Climate,Future Foundation
81,All for Climate,ixo
82,All for Climate,Gaia
83,All for Climate,Return Protocol
84,All for Climate,ReFi DAO
85,All for Climate,Ecorise
86,All for Climate,Citizen DAO
87,All for Climate,Open Forest Protocol
88,All for Climate,Diatom DAO
89,All for Climate,ClimateDAO 
90,All for Climate,Ecodao
91,All for Climate,Public Land Protocol
92,All for Climate,Kolektivo
93,All for Climate,Earthcoin
94,All for Climate,The Eden Dao
95,All for Climate,KlimaDAO
96,All for Climate,GitcoinDAO
97,All for Climate,DeveloperDAO
98,All for Climate,AYOWECCA
99,All for Climate,Giveth
100,All for Climate,Regen Network
101,All for Climate,Toucan
102,All for Climate,Blockchain for Climate foundation
103,All for Climate,Dream DAO
104,All for Climate,AntidoteDAO
105,All for Climate,Avano
106,All for Climate,Basin DAO
107,All for Climate,Bloomeria
108,All for Climate,Carbon Captors 
109,All for Climate,Cherubs DAO
110,All for Climate,Climate Finance DAO
111,All for Climate,EarthFund
112,All for Climate,Gitcoin
113,All for Climate,Longtail Financial
114,All for Climate,MOONJELLY
115,All for Climate,Protein Community
116,All for Climate,Solid World DAO
117,All for Climate,Treejer Protocol
118,Alliance DAO,Celo
119,Alliance DAO,impactMarket
120,Alliance DAO,Coinbase Earn
121,Alliance DAO,ClimateDAO 
122,Alliance DAO,Grow Your Own Cloud
123,Alliance DAO,Longtail Financial
124,Alliance DAO,PrimeDAO
125,Alliance DAO,Project Galaxy
126,Angel Protocol,Future Foundation
127,Angel Protocol,AntidoteDAO
128,Angel Protocol,Citizen DAO
129,Angel Protocol,Impact
130,Angel Protocol,ixo
131,Angel Protocol,Leyline
132,Angel Protocol,Protein Community
133,Angel Protocol,Public Land Protocol
134,Angel Protocol,Solid World DAO
135,AntidoteDAO,Decrypt
136,AntidoteDAO,Give Safely
137,AntidoteDAO,Decent DAO
138,AntidoteDAO,Future Foundation
139,AntidoteDAO,Dream DAO
140,AntidoteDAO,Citizen DAO
141,AntidoteDAO,LabDAO
142,AntidoteDAO,dClimate
143,AntidoteDAO,HumanDAO
144,AntidoteDAO,Seed Club
145,AntidoteDAO,Popcorn
146,AntidoteDAO,PrimeDAO
147,AntidoteDAO,Open Forest Protocol
148,AntidoteDAO,Return Protocol
149,AntidoteDAO,Avano
150,AntidoteDAO,PsyDAO
151,AntidoteDAO,Meta Gamma Delta DAO 
152,AntidoteDAO,Carbon Captors 
153,AntidoteDAO,Public Land Protocol
154,AntidoteDAO,The Eden Dao
155,AntidoteDAO,KlimaDAO
156,AntidoteDAO,DeveloperDAO
157,AntidoteDAO,Basin DAO
158,AntidoteDAO,Solid World DAO
159,AntidoteDAO,CoinTelegraph
160,AntidoteDAO,EarthFund
161,AntidoteDAO,Diatom DAO
162,AntidoteDAO,Coinmarketcap Earn
163,AntidoteDAO,Regen Network
164,AntidoteDAO,Giving Block
165,AntidoteDAO,ClimateDAO 
166,AntidoteDAO,ReFi DAO
167,AntidoteDAO,CoinDesk
168,AntidoteDAO,Molecule
169,AntidoteDAO,Cherubs DAO
170,AntidoteDAO,VitaDAO
171,Ants-review,The Commons Stack
172,Ants-review,TEC
173,Ants-review,Molecule
174,Ants-review,VitaDAO
175,Ants-review,Atoms
176,Ants-review,Seed Club
177,Ants-review,Opscientia.eth
178,Ants-review,DoinGud
179,Ants-review,Kernel
180,Ants-review,Decrypt
181,Ants-review,Parcel.money
182,Ants-review,Meta Gamma Delta DAO 
183,Ants-review,she256
184,Ants-review,ResearchHub DAO
185,Ants-review,RabbitHole
186,Ants-review,GitcoinDAO
187,Ants-review,Planetary Resilience DAO
188,Ants-review,Coinbase Earn
189,Ants-review,Cosmos
190,Ants-review,TryCrypto
191,Ants-review,PR1S0N Art
192,Aquari,ClimateDAO 
193,Aquari,LOA Labs
194,Aquari,Solid World DAO
195,Artizen,Decrypt
196,Artizen,Crypto Culture and Society
197,Artizen,ClimateDAO 
198,Artizen,RabbitHole
199,Artizen,Protein Community
200,Artizen,she256
201,Artizen,web3baddies
202,Artizen,Regen Network
203,Artizen,Ecodao
204,Artizen,KlimaDAO
205,Artizen,The Commons Stack
206,Artizen,Cabin
207,Artizen,Kleros
208,Artizen,Proof of Humanity
209,Artizen,GitcoinDAO
210,Artizen,Seed Club
211,Astral Protocol,dClimate
212,Astral Protocol,Project Ark
213,Astral Protocol,Toucan
214,Astral Protocol,GitcoinDAO
215,Astral Protocol,Geo Web
216,Astral Protocol,KlimaDAO
217,Astral Protocol,Curve Labs
218,Astral Protocol,Kernel
219,Astral Protocol,Open Forest Protocol
220,Astral Protocol,PR1S0N Art
221,Astral Protocol,Carbon Captors 
222,Astral Protocol,Ecorise
223,Astral Protocol,Kolektivo
224,Astral Protocol,Planetary Resilience DAO
225,Astral Protocol,PrimeDAO
226,Astral Protocol,Protein Community
227,Astral Protocol,Public Land Protocol
228,Astral Protocol,Solid World DAO
229,Astral Protocol,Sovereign Nature
230,Atoms,Foresight Institute DAO
231,Atoms,Opscientia.eth
232,Atoms,VitaDAO
233,Avano,Seed Club
234,Avano,Return Protocol
235,Avano,Sovereign Nature
236,Avano,NFTree Haus
237,Avano,ReFi DAO
238,Avano,Two Plus
239,Avano,ClimateDAO 
240,Avano,The Eden Dao
241,Avano,Solid World DAO
242,Avano,Toucan
243,Avano,Diatom DAO
244,Avano,MOONJELLY
245,Avano,Public Land Protocol
246,Avano,Open Forest Protocol
247,Avano,Single Earth
248,Avano,Nori
249,Avano,Shamba
250,Avano,Regen Network
251,Avano,Bloomeria
252,Avano,dClimate
253,Avano,Gain Forest
254,Avano,Carbon Captors 
255,Avano,EarthFund
256,Avano,Geo Web
257,Avano,LOA Labs
258,AYOWECCA,Panvala
259,Basin DAO,LOA Labs
260,Basin DAO,ReFi DAO
261,Basin DAO,Shamba
262,Basin DAO,Gaia
263,Basin DAO,ixo
264,Basin DAO,Ecorise
265,Basin DAO,Celo
266,Basin DAO,KlimaDAO
267,Basin DAO,Regen Network
268,Basin DAO,Toucan
269,Basin DAO,Public Land Protocol
270,Basin DAO,Ecodao
271,Basin DAO,The Eden Dao
272,Basin DAO,dClimate
273,Basin DAO,ClimateDAO 
274,Basin DAO,Longtail Financial
275,Basin DAO,Carbon Captors 
276,Basin DAO,Citizen DAO
277,Basin DAO,Climate Finance DAO
278,Basin DAO,EarthFund
279,Basin DAO,Mercy Corps Ventures FinX
280,Basin DAO,MOONJELLY
281,Basin DAO,Project Ark
282,Basin DAO,Return Protocol
283,Basin DAO,Solid World DAO
284,Basin DAO,Sovereign Nature
285,Basin DAO,Treejer Protocol
286,Binance Academy,CoinDesk
287,Binance Academy,Coinmarketcap Earn
288,Binance Academy,Leyline
289,Binance Academy,ShapeShift DAO
290,BioDAO,Opscientia.eth
291,BioDAO,Cherubs DAO
292,BioDAO,Foresight Institute DAO
293,Blockchain for Climate foundation,Toucan
294,Blockchain for Climate foundation,DoinGud
295,Blockchain for Climate foundation,Sovereign Nature
296,Blockchain for Climate foundation,KlimaDAO
297,Blockchain for Climate foundation,Open Earth Foundation
298,Blockchain for Climate foundation,Giving Block
299,Blockchain for Climate foundation,Regen Network
300,Blockchain for Climate foundation,Giveth
301,Blockchain for Climate foundation,she256
302,Blockchain for Climate foundation,ixo
303,Blockchain for Climate foundation,Nori
304,Blockchain for Climate foundation,Planetary Resilience DAO
305,Blockchain for Climate foundation,CoinTelegraph
306,Blockchain for Climate foundation,Outlier Ventures
307,Blockchain for Climate foundation,Coinmarketcap Earn
308,Blockchain for Climate foundation,CoinDesk
309,Blockchain for Climate foundation,Cosmos
310,Blockchain for Climate foundation,ShapeShift DAO
311,Blockchain for Climate foundation,Gain Forest
312,Blockchain for Climate foundation,Coinbase Earn
313,Blockchain for Climate foundation,Carbon Captors 
314,Blockchain for Climate foundation,Climate Finance DAO
315,Blockchain for Climate foundation,ClimateDAO 
316,Blockchain for Climate foundation,Earthbanc
317,Blockchain for Climate foundation,EarthFund
318,Blockchain for Climate foundation,LOA Labs
319,Blockchain for Climate foundation,MOONJELLY
320,Blockchain for Climate foundation,Project Ark
321,Blockchain for Climate foundation,Public Land Protocol
322,Blockchain for Climate foundation,ReFi DAO
323,Blockchain for Climate foundation,Return Protocol
324,Blockchain for Climate foundation,Solid World DAO
325,Blockchain for Climate foundation,Treejer Protocol
326,Blood M1n3,Climate Finance DAO
327,Blood M1n3,Bloomeria
328,Blood M1n3,Kernel
329,Blood M1n3,Return Protocol
330,Blood M1n3,The DAOist
331,Blood M1n3,KlimaDAO
332,Blood M1n3,ReFi DAO
333,Blood M1n3,Giveth
334,Blood M1n3,Gitcoin
335,Blood M1n3,GitcoinDAO
336,Blood M1n3,dClimate
337,Blood M1n3,Open Forest Protocol
338,Blood M1n3,Public Land Protocol
339,Blood M1n3,Future Foundation
340,Blood M1n3,Toucan
341,Blood M1n3,ClimateDAO 
342,Blood M1n3,Seed Club
343,Blood M1n3,Regen Network
344,Blood M1n3,LOA Labs
345,Blood M1n3,Solid World DAO
346,Bloomeria,Dream DAO
347,Bloomeria,Return Protocol
348,Bloomeria,MOONJELLY
349,Bloomeria,ReFi DAO
350,Bloomeria,Treejer Protocol
351,Bloomeria,LOA Labs
352,Bloomeria,The Eden Dao
353,Bloomeria,Climate Finance DAO
354,Bloomeria,Open Forest Protocol
355,Bloomeria,Toucan
356,Bloomeria,KlimaDAO
357,Bloomeria,Public Land Protocol
358,Bloomeria,Giving Block
359,Bloomeria,Panvala
360,Bloomeria,Meta Gamma Delta DAO 
361,Bloomeria,GitcoinDAO
362,Bloomeria,Kernel
363,Bloomeria,Giveth
364,Bloomeria,The Commons Stack
365,Bloomeria,Regen Network
366,Bloomeria,Kleros
367,Bloomeria,EarthFund
368,Bloomeria,Solid World DAO
369,Boysclub Crypto,Meta Gamma Delta DAO 
370,Boysclub Crypto,Grow Your Own Cloud
371,Boysclub Crypto,WellnessDAO
372,Boysclub Crypto,We3
373,Boysclub Crypto,Dropout DAO
374,Boysclub Crypto,Crypto Culture and Society
375,Boysclub Crypto,Celo
376,Boysclub Crypto,Seed Club
377,Boysclub Crypto,TryCrypto
378,Boysclub Crypto,ForeFront
379,Boysclub Crypto,Protein Community
380,Boysclub Crypto,Surge
381,Boysclub Crypto,Layer3
382,Boysclub Crypto,RabbitHole
383,Boysclub Crypto,web3baddies
384,Boysclub Crypto,she256
385,Boysclub Crypto,ClimateDAO 
386,Boysclub Crypto,DeveloperDAO
387,Boysclub Crypto,Pozzle Planet
388,Boysclub Crypto,Two Plus
389,Brokoli,Coinmarketcap Earn
390,Brokoli,LOA Labs
391,Brokoli,Project Ark
392,Buildspace,Citizen DAO
393,Buildspace,Climate Finance DAO
394,Buildspace,ClimateDAO 
395,Buildspace,DeveloperDAO
396,Buildspace,Longtail Financial
397,Buildspace,Nader Dabit
398,Buildspace,Pozzle Planet
399,Buildspace,Protein Community
400,Buildspace,TryCrypto
401,Buildspace,Web3 University
402,Cabin,Seed Club
403,Cabin,Station
404,Cabin,Layer3
405,Cabin,VitaDAO
406,Cabin,Protein Community
407,Cabin,ForeFront
408,Cabin,Kernel
409,Cabin,Citizen DAO
410,Cabin,Cohere
411,Cabin,Planetary Resilience DAO
412,Cabin,ReFi DAO
413,Cabin,The DAOist
414,Cabin,WellnessDAO
415,Carbon Captors ,Seed Club
416,Carbon Captors ,Gaia
417,Carbon Captors ,dClimate
418,Carbon Captors ,Kernel
419,Carbon Captors ,Regen Network
420,Carbon Captors ,Kumo Earth
421,Carbon Captors ,EarthFund
422,Carbon Captors ,Solid World DAO
423,Carbon Captors ,Treejer Protocol
424,Carbon Captors ,Public Land Protocol
425,Carbon Captors ,Future Foundation
426,Carbon Captors ,Return Protocol
427,Carbon Captors ,Open Forest Protocol
428,Carbon Captors ,GitcoinDAO
429,Carbon Captors ,Nori
430,Carbon Captors ,KlimaDAO
431,Carbon Captors ,ClimateDAO 
432,Carbon Captors ,The Eden Dao
433,Carbon Captors ,DeveloperDAO
434,Carbon Captors ,Gitcoin
435,Carbon Captors ,Ecorise
436,Carbon Captors ,Toucan
437,Carbon Captors ,Climate Finance DAO
438,Carbon Captors ,ReFi DAO
439,Carbon Captors ,Dream DAO
440,Carbon Collectible NFTs,Impact
441,Carbon Collectible NFTs,Solid World DAO
442,Celo,Regen Network
443,Celo,RabbitHole
444,Celo,Kolektivo
445,Celo,The DAOist
446,Celo,Radicle
447,Celo,impactMarket
448,Celo,she256
449,Celo,CoinTelegraph
450,Celo,Giving Block
451,Celo,GitcoinDAO
452,Celo,CoinDesk
453,Celo,UNICEF CryptoFund
454,Celo,Coinbase Earn
455,Celo,Cosmos
456,Celo,ClimateDAO 
457,Celo,DeveloperDAO
458,Celo,Earthbanc
459,Celo,EarthFund
460,Celo,Ecorise
461,Celo,Endaoment
462,Celo,ixo
463,Celo,LOA Labs
464,Celo,Longtail Financial
465,Celo,Mercy Corps Ventures FinX
466,Celo,Nader Dabit
467,Celo,PrimeDAO
468,Celo,Protein Community
469,Celo,Public Land Protocol
470,Celo,Return Protocol
471,Celo,Ribon
472,Celo,Shamba
473,Celo,ShapeShift DAO
474,Celo,Socialstack
475,Celo,Solid World DAO
476,Celo,Toucan
477,Cheerbot,Tip Party
478,Cheerbot,Gitcoin
479,Cherubs DAO,Citizen DAO
480,Cherubs DAO,Dream DAO
481,Cherubs DAO,Opscientia.eth
482,Cherubs DAO,Tip Party
483,Cherubs DAO,ReFi DAO
484,Cherubs DAO,Gitcoin
485,Cherubs DAO,Impact
486,Cherubs DAO,TEC
487,Cherubs DAO,Surge
488,Cherubs DAO,The DAOist
489,Cherubs DAO,Giveth
490,Cherubs DAO,Vibe Bio
491,Cherubs DAO,LabDAO
492,Cherubs DAO,VitaDAO
493,Cherubs DAO,Future Foundation
494,Cherubs DAO,Earthcoin
495,Cherubs DAO,PsyDAO
496,Cherubs DAO,Nader Dabit
497,Cherubs DAO,GitcoinDAO
498,Cherubs DAO,CoinTelegraph
499,Cherubs DAO,DoinGud
500,Cherubs DAO,Coinmarketcap Earn
501,Cherubs DAO,Giving Block
502,Cherubs DAO,Molecule
503,Cherubs DAO,CoinDesk
504,Cherubs DAO,Coinbase Earn
505,Cherubs DAO,Solid World DAO
506,Citizen DAO,LOA Labs
507,Citizen DAO,impactMarket
508,Citizen DAO,Popcorn
509,Citizen DAO,Climate Finance DAO
510,Citizen DAO,ReFi DAO
511,Citizen DAO,MOONJELLY
512,Citizen DAO,NFTree Haus
513,Citizen DAO,Layer3
514,Citizen DAO,Sovereign Nature
515,Citizen DAO,Open Forest Protocol
516,Citizen DAO,ClimateDAO 
517,Citizen DAO,Public Land Protocol
518,Citizen DAO,Earthcoin
519,Citizen DAO,VitaDAO
520,Citizen DAO,LabDAO
521,Citizen DAO,Tip Party
522,Citizen DAO,Nader Dabit
523,Citizen DAO,KlimaDAO
524,Citizen DAO,Vibe Bio
525,Citizen DAO,Impact
526,Citizen DAO,The DAOist
527,Citizen DAO,GitcoinDAO
528,Citizen DAO,Gitcoin
529,Citizen DAO,Station
530,Citizen DAO,she256
531,Citizen DAO,DeveloperDAO
532,Citizen DAO,Two Plus
533,Citizen DAO,CoinTelegraph
534,Citizen DAO,Code4rena
535,Citizen DAO,PrimeDAO
536,Citizen DAO,Diatom DAO
537,Citizen DAO,Giveth
538,Citizen DAO,Coinmarketcap Earn
539,Citizen DAO,ForeFront
540,Citizen DAO,The Commons Stack
541,Citizen DAO,Regen Network
542,Citizen DAO,Endaoment
543,Citizen DAO,Seed Club
544,Citizen DAO,Giving Block
545,Citizen DAO,Toucan
546,Citizen DAO,OCEAN Protocol
547,Citizen DAO,Molecule
548,Citizen DAO,TEC
549,Citizen DAO,Kolektivo
550,Citizen DAO,web3baddies
551,Citizen DAO,Surge
552,Citizen DAO,Future Foundation
553,Citizen DAO,The Eden Dao
554,Citizen DAO,Ecodao
555,Citizen DAO,Grassroots Economics
556,Citizen DAO,PactDAO
557,Citizen DAO,Dream DAO
558,Citizen DAO,Crypto Culture and Society
559,Citizen DAO,RabbitHole
560,Citizen DAO,Radicle
561,Citizen DAO,EarthFund
562,Citizen DAO,Protein Community
563,Citizen DAO,Solid World DAO
564,Climate Finance DAO,PrimeDAO
565,Climate Finance DAO,Odyssey
566,Climate Finance DAO,Popcorn
567,Climate Finance DAO,Sovereign Nature
568,Climate Finance DAO,Treejer Protocol
569,Climate Finance DAO,Proof of Humanity
570,Climate Finance DAO,Ecodao
571,Climate Finance DAO,DeveloperDAO
572,Climate Finance DAO,Tip Party
573,Climate Finance DAO,RabbitHole
574,Climate Finance DAO,Gitcoin
575,Climate Finance DAO,Open Earth Foundation
576,Climate Finance DAO,ClimateDAO 
577,Climate Finance DAO,The Eden Dao
578,Climate Finance DAO,Diatom DAO
579,Climate Finance DAO,Nader Dabit
580,Climate Finance DAO,Nori
581,Climate Finance DAO,GitcoinDAO
582,Climate Finance DAO,Regen Network
583,Climate Finance DAO,Toucan
584,Climate Finance DAO,EarthFund
585,Climate Finance DAO,MOONJELLY
586,Climate Finance DAO,Public Land Protocol
587,Climate Finance DAO,ReFi DAO
588,Climate Finance DAO,Solid World DAO
589,ClimateDAO ,Station
590,ClimateDAO ,VitaDAO
591,ClimateDAO ,SuperBenefit
592,ClimateDAO ,Future Foundation
593,ClimateDAO ,Return Protocol
594,ClimateDAO ,PizzaDAO
595,ClimateDAO ,DOER Money DAO
596,ClimateDAO ,Kernel
597,ClimateDAO ,Diatom DAO
598,ClimateDAO ,Solid World DAO
599,ClimateDAO ,Public Land Protocol
600,ClimateDAO ,ReFi DAO
601,ClimateDAO ,Open Forest Protocol
602,ClimateDAO ,EarthFund
603,ClimateDAO ,Gaia
604,ClimateDAO ,The Eden Dao
605,ClimateDAO ,KlimaDAO
606,ClimateDAO ,DeveloperDAO
607,ClimateDAO ,Seed Club
608,ClimateDAO ,Regen Network
609,ClimateDAO ,dClimate
610,ClimateDAO ,Toucan
611,ClimateDAO ,Project Ark
612,ClimateDAO ,TEC
613,ClimateDAO ,Protein Community
614,ClimateDAO ,web3baddies
615,ClimateDAO ,Layer3
616,ClimateDAO ,Ecodao
617,ClimateDAO ,PactDAO
618,ClimateDAO ,Dream DAO
619,ClimateDAO ,Crypto Culture and Society
620,ClimateDAO ,RabbitHole
621,ClimateDAO ,PrimeDAO
622,ClimateDAO ,LOA Labs
623,ClimateDAO ,Longtail Financial
624,ClimateDAO ,MOONJELLY
625,ClimateDAO ,Pozzle Planet
626,ClimateDAO ,PR1S0N Art
627,ClimateDAO ,Shamba
628,ClimateDAO ,Sovereign Nature
629,Clime DAO,Nader Dabit
630,Clime DAO,Return Protocol
631,Code4rena,Parcel.money
632,Cohere,Regen Network
633,Cohere,Ecodao
634,Cohere,The Eden Dao
635,Cohere,Sovereign Nature
636,Cohere,Protein Community
637,Cohere,Future Foundation
638,Cohere,PrimeDAO
639,Cohere,RabbitHole
640,Cohere,ReFi DAO
641,Cohere,The DAOist
642,Cohere,Two Plus
643,Cohere,Public Land Protocol
644,Cohere,Kolektivo
645,Cohere,Solid World DAO
646,Coinbase Earn,Give Crypto
647,Coinbase Earn,CoinDesk
648,Coinbase Earn,Coinmarketcap Earn
649,Coinbase Earn,CoinTelegraph
650,Coinbase Earn,Cosmos
651,Coinbase Earn,Decent DAO
652,Coinbase Earn,Decrypt
653,Coinbase Earn,DeveloperDAO
654,Coinbase Earn,Endaoment
655,Coinbase Earn,GitcoinDAO
656,Coinbase Earn,Giveth
657,Coinbase Earn,Giving Block
658,Coinbase Earn,ixo
659,Coinbase Earn,Planetary Resilience DAO
660,Coinbase Earn,Project Galaxy
661,Coinbase Earn,Protein Community
662,Coinbase Earn,Public Land Protocol
663,Coinbase Earn,ShapeShift DAO
664,Coinbase Earn,Storc
665,Coinbase Earn,Therapoid
666,CoinDesk,Giving Block
667,CoinDesk,GitcoinDAO
668,CoinDesk,ShapeShift DAO
669,CoinDesk,Coinmarketcap Earn
670,CoinDesk,Cosmos
671,CoinDesk,Cool Points Club
672,CoinDesk,dClimate
673,CoinDesk,Decent DAO
674,CoinDesk,HumanDAO
675,CoinDesk,ixo
676,CoinDesk,Kleros
677,CoinDesk,Mercy Corps Ventures FinX
678,CoinDesk,Nori
679,CoinDesk,Open Earth Foundation
680,CoinDesk,Project Galaxy
681,CoinDesk,Protein Community
682,CoinDesk,Storc
683,CoinDesk,Surge
684,CoinDesk,Therapoid
685,CoinDesk,UNICEF CryptoFund
686,CoinDesk,VitaDAO
687,CoinDesk,web3baddies
688,Coinmarketcap Earn,Decrypt
689,Coinmarketcap Earn,CoinTelegraph
690,Coinmarketcap Earn,ShapeShift DAO
691,Coinmarketcap Earn,Decent DAO
692,Coinmarketcap Earn,Giving Block
693,Coinmarketcap Earn,HumanDAO
694,Coinmarketcap Earn,Planetary Resilience DAO
695,Coinmarketcap Earn,Project Galaxy
696,Coinmarketcap Earn,Protein Community
697,Coinmarketcap Earn,Storc
698,CoinTelegraph,Giving Block
699,CoinTelegraph,Nader Dabit
700,CoinTelegraph,ShapeShift DAO
701,CoinTelegraph,Cosmos
702,CoinTelegraph,Cool Points Club
703,CoinTelegraph,Decent DAO
704,CoinTelegraph,Endaoment
705,CoinTelegraph,Give Safely
706,CoinTelegraph,Giveth
707,CoinTelegraph,impactMarket
708,CoinTelegraph,Kleros
709,CoinTelegraph,Nori
710,CoinTelegraph,Outlier Ventures
711,CoinTelegraph,Project Galaxy
712,CoinTelegraph,Protein Community
713,CoinTelegraph,Socialstack
714,CoinTelegraph,Storc
715,CoinTelegraph,VitaDAO
716,Cool Points Club,Toucan
717,Cool Points Club,ReFi DAO
718,Cool Points Club,KlimaDAO
719,Cool Points Club,Solid World DAO
720,Cosmos,Regen Network
721,Cosmos,ixo
722,Cosmos,GitcoinDAO
723,Cosmos,Curve Labs
724,Cosmos,Decrypt
725,Cosmos,Earthbanc
726,Cosmos,EarthFund
727,Cosmos,LOA Labs
728,Cosmos,Outlier Ventures
729,Cosmos,Pozzle Planet
730,Cosmos,PR1S0N Art
731,Cosmos,Protein Community
732,Cosmos,Public Land Protocol
733,Cosmos,Shamba
734,Cosmos,ShapeShift DAO
735,Cosmos,Solid World DAO
736,Crypto Culture and Society,DeveloperDAO
737,Crypto Culture and Society,Dropout DAO
738,Crypto Culture and Society,Longtail Financial
739,Crypto Culture and Society,Protein Community
740,Crypto Culture and Society,Public Good School
741,Crypto Culture and Society,Solid World DAO
742,Crypto Culture and Society,Surge
743,Crypto Culture and Society,Two Plus
744,Curve Labs,Regen Network
745,Curve Labs,Kolektivo
746,Curve Labs,Seed Club
747,Curve Labs,The DAOist
748,Curve Labs,VitaDAO
749,Curve Labs,TEC
750,Curve Labs,PrimeDAO
751,Curve Labs,Sovereign Nature
752,Curve Labs,GitcoinDAO
753,Curve Labs,Toucan
754,Curve Labs,ixo
755,Curve Labs,Radicle
756,Curve Labs,The Commons Stack
757,Curve Labs,ETH Puerto Rico DAO
758,Curve Labs,Geo Web
759,Curve Labs,LOA Labs
760,Curve Labs,Longtail Financial
761,Curve Labs,Project Ark
762,Curve Labs,ReFi DAO
763,Curve Labs,The Eden Dao
764,DAOpunks,UltraSound Merch Supply Chain
765,DAOpunks,Pozzle Planet
766,dClimate,Regen Network
767,dClimate,The Eden Dao
768,dClimate,Toucan
769,dClimate,ReFi DAO
770,dClimate,Decrypt
771,dClimate,Open Forest Protocol
772,dClimate,Earthbanc
773,dClimate,Geo Web
774,dClimate,Public Land Protocol
775,dClimate,Return Protocol
776,dClimate,Shamba
777,dClimate,Solid World DAO
778,dClimate,Sovereign Nature
779,Decent DAO,ShapeShift DAO
780,Decrypt,DoinGud
781,Decrypt,Giveth
782,Decrypt,ixo
783,Decrypt,Kleros
784,Decrypt,Leyline
785,Decrypt,Pozzle Planet
786,Decrypt,Project Galaxy
787,Decrypt,Protein Community
788,Decrypt,ShapeShift DAO
789,DeveloperDAO,Surge
790,DeveloperDAO,Seed Club
791,DeveloperDAO,WellnessDAO
792,DeveloperDAO,Dropout DAO
793,DeveloperDAO,ForeFront
794,DeveloperDAO,Future Foundation
795,DeveloperDAO,Dream DAO
796,DeveloperDAO,Odyssey
797,DeveloperDAO,Gitcoin
798,DeveloperDAO,she256
799,DeveloperDAO,RabbitHole
800,DeveloperDAO,KlimaDAO
801,DeveloperDAO,GitcoinDAO
802,DeveloperDAO,Tip Party
803,DeveloperDAO,Nader Dabit
804,DeveloperDAO,Quest Book
805,DeveloperDAO,Web3 University
806,DeveloperDAO,Protein Community
807,DeveloperDAO,web3baddies
808,DeveloperDAO,Layer3
809,DeveloperDAO,TryCrypto
810,DeveloperDAO,Radicle
811,DeveloperDAO,EarthFund
812,DeveloperDAO,LabDAO
813,DeveloperDAO,Longtail Financial
814,DeveloperDAO,Pozzle Planet
815,DeveloperDAO,Public Good School
816,Diatom DAO,KlimaDAO
817,Diatom DAO,EarthFund
818,Diatom DAO,ixo
819,Diatom DAO,MOONJELLY
820,Diatom DAO,Pozzle Planet
821,Diatom DAO,Public Land Protocol
822,Diatom DAO,Regen Network
823,Diatom DAO,Return Protocol
824,Diatom DAO,Solid World DAO
825,Diatom DAO,The Eden Dao
826,Diatom DAO,Treejer Protocol
827,DoinGud,Socialstack
828,DoinGud,Giving Block
829,DoinGud,Giveth
830,DoinGud,GitcoinDAO
831,DoinGud,Open Earth Foundation
832,DoinGud,Endaoment
833,DoinGud,Kernel
834,DoinGud,Panvala
835,DoinGud,EarthFund
836,DoinGud,Foresight Institute DAO
837,DoinGud,Geo Web
838,DoinGud,Give Safely
839,DoinGud,Impact
840,DoinGud,Kolektivo
841,DoinGud,Longtail Financial
842,DoinGud,MOONJELLY
843,DoinGud,NFTree Haus
844,DoinGud,Proof of Integrity
845,DoinGud,Protein Community
846,DoinGud,TEC
847,DoinGud,The Eden Dao
848,Dream DAO,EarthFund
849,Dream DAO,Future Foundation
850,Dream DAO,Gitcoin
851,Dream DAO,Impact
852,Dream DAO,MOONJELLY
853,Dream DAO,Protein Community
854,Dream DAO,Public Land Protocol
855,Dream DAO,Solid World DAO
856,Dream DAO,The Eden Dao
857,Dropout DAO,Surge
858,Dropout DAO,NFTree Haus
859,Dropout DAO,Station
860,Dropout DAO,We3
861,Dropout DAO,web3baddies
862,Dropout DAO,she256
863,Dropout DAO,Protein Community
864,Dropout DAO,TryCrypto
865,Earthbanc,Shamba
866,Earthbanc,ReFi DAO
867,Earthbanc,Popcorn
868,Earthbanc,PrimeDAO
869,Earthbanc,The Eden Dao
870,Earthbanc,Tip Party
871,Earthbanc,Toucan
872,Earthbanc,Regen Network
873,Earthbanc,Ecodao
874,Earthbanc,KlimaDAO
875,Earthbanc,RabbitHole
876,Earthbanc,Radicle
877,Earthbanc,ixo
878,Earthbanc,Public Land Protocol
879,Earthbanc,Solid World DAO
880,Earthcoin,EarthFund
881,Earthcoin,LOA Labs
882,Earthcoin,Public Land Protocol
883,Earthcoin,Regen Network
884,Earthcoin,Return Protocol
885,Earthcoin,Solid World DAO
886,Earthcoin,Toucan
887,EarthFund,RabbitHole
888,EarthFund,Single Earth
889,EarthFund,impactMarket
890,EarthFund,Gitcoin
891,EarthFund,Solid World DAO
892,EarthFund,Return Protocol
893,EarthFund,Endaoment
894,EarthFund,Popcorn
895,EarthFund,Treejer Protocol
896,EarthFund,Public Land Protocol
897,EarthFund,Gaia
898,EarthFund,Sovereign Nature
899,EarthFund,MOONJELLY
900,EarthFund,KlimaDAO
901,EarthFund,The Eden Dao
902,EarthFund,Ecorise
903,EarthFund,Open Forest Protocol
904,EarthFund,ForeFront
905,EarthFund,The Commons Stack
906,EarthFund,Seed Club
907,EarthFund,Regen Network
908,EarthFund,LOA Labs
909,EarthFund,Toucan
910,EarthFund,ReFi DAO
911,EarthFund,Future Foundation
912,EarthFund,Ecodao
913,EarthFund,Grassroots Economics
914,EarthFund,NFTree Haus
915,Ecodao,Toucan
916,Ecodao,Regen Network
917,Ecodao,Kolektivo
918,Ecodao,KlimaDAO
919,Ecodao,Endaoment
920,Ecodao,Geo Web
921,Ecodao,Giveth
922,Ecodao,Longtail Financial
923,Ecodao,MOONJELLY
924,Ecodao,Opscientia.eth
925,Ecodao,Pozzle Planet
926,Ecodao,Project Ark
927,Ecodao,Public Land Protocol
928,Ecodao,Rainforest Direct
929,Ecodao,Return Protocol
930,Ecodao,Solid World DAO
931,Ecodao,Sovereign Nature
932,Ecodao,The Eden Dao
933,Ecodao,WellnessDAO
934,Ecorise,Shamba
935,Ecorise,LOA Labs
936,Ecorise,Solid World DAO
937,Ecorise,ixo
938,Ecorise,Return Protocol
939,Ecorise,ReFi DAO
940,Ecorise,Public Land Protocol
941,Ecorise,The Eden Dao
942,Ecorise,Open Forest Protocol
943,Ecorise,KlimaDAO
944,Ecorise,Regen Network
945,Endaoment,Giveth
946,Endaoment,Future Foundation
947,Endaoment,The Eden Dao
948,Endaoment,GitcoinDAO
949,Endaoment,she256
950,Endaoment,Kleros
951,Endaoment,Proof of Humanity
952,Endaoment,impactMarket
953,Endaoment,Meta Gamma Delta DAO 
954,Endaoment,Socialstack
955,Endaoment,Giving Block
956,Endaoment,Foresight Institute DAO
957,Endaoment,Give Safely
958,Endaoment,Impact
959,Endaoment,Longtail Financial
960,ETH Puerto Rico DAO,Giveth
961,ETH Puerto Rico DAO,Proof of Humanity
962,ETH Puerto Rico DAO,Kolektivo
963,ETH Puerto Rico DAO,PrimeDAO
964,ForeFront,Future Foundation
965,ForeFront,Gitcoin
966,ForeFront,ixo
967,ForeFront,Longtail Financial
968,ForeFront,Meta Gamma Delta DAO 
969,ForeFront,Nader Dabit
970,ForeFront,Planetary Resilience DAO
971,ForeFront,Pozzle Planet
972,ForeFront,PrimeDAO
973,ForeFront,Protein Community
974,ForeFront,Seed Club
975,ForeFront,Surge
976,ForeFront,The DAOist
977,ForeFront,Two Plus
978,Foresight Institute DAO,Molecule
979,Foresight Institute DAO,LabDAO
980,Foresight Institute DAO,Opscientia.eth
981,Foresight Institute DAO,GitcoinDAO
982,Foresight Institute DAO,VitaDAO
983,Foresight Institute DAO,ResearchHub DAO
984,Foresight Institute DAO,LYNX
985,Foresight Institute DAO,The Commons Stack
986,Future Foundation,GitcoinDAO
987,Future Foundation,Return Protocol
988,Future Foundation,ReFi DAO
989,Future Foundation,Giveth
990,Future Foundation,Pozzle Planet
991,Future Foundation,Seed Club
992,Future Foundation,ixo
993,Future Foundation,MOONJELLY
994,Future Foundation,Protein Community
995,Future Foundation,Solid World DAO
996,Gaia,ixo
997,Gaia,MOONJELLY
998,Gaia,Pozzle Planet
999,Gaia,Public Land Protocol
1000,Gaia,Return Protocol
1001,Gaia,Treejer Protocol
1002,Gain Forest,Project Ark
1003,Gain Forest,LOA Labs
1004,Gain Forest,Solid World DAO
1005,Geo Web,Toucan
1006,Geo Web,Kolektivo
1007,Geo Web,Tip Party
1008,Geo Web,Seed Club
1009,Geo Web,Gitcoin
1010,Geo Web,Regen Network
1011,Geo Web,Leyline
1012,Geo Web,Radicle
1013,Geo Web,Panvala
1014,Geo Web,Kernel
1015,Geo Web,RabbitHole
1016,Geo Web,GitcoinDAO
1017,Geo Web,Nader Dabit
1018,Geo Web,Giveth
1019,Geo Web,The Commons Stack
1020,Geo Web,Project Ark
1021,Geo Web,TEC
1022,Gitcoin,Panvala
1023,Gitcoin,PrimeDAO
1024,Gitcoin,Toucan
1025,Gitcoin,Tip Party
1026,Gitcoin,GitcoinDAO
1027,Gitcoin,Giveth
1028,Gitcoin,Grow Your Own Cloud
1029,Gitcoin,Longtail Financial
1030,Gitcoin,Open Forest Protocol
1031,Gitcoin,Pozzle Planet
1032,Gitcoin,Protein Community
1033,Gitcoin,Public Good School
1034,Gitcoin,SolidarityCard
1035,Gitcoin,TEC
1036,Gitcoin,The DAOist
1037,Gitcoin,UltraSound Merch Supply Chain
1038,Gitcoin,VitaDAO
1039,GitcoinDAO,Regen Network
1040,GitcoinDAO,Radicle
1041,GitcoinDAO,Tip Party
1042,GitcoinDAO,Panvala
1043,GitcoinDAO,Kernel
1044,GitcoinDAO,Seed Club
1045,GitcoinDAO,Giveth
1046,GitcoinDAO,Giving Block
1047,GitcoinDAO,Impact
1048,GitcoinDAO,impactMarket
1049,GitcoinDAO,ixo
1050,GitcoinDAO,Longtail Financial
1051,GitcoinDAO,Meta Gamma Delta DAO 
1052,GitcoinDAO,MOONJELLY
1053,GitcoinDAO,Nader Dabit
1054,GitcoinDAO,Open Forest Protocol
1055,GitcoinDAO,Opscientia.eth
1056,GitcoinDAO,Planetary Resilience DAO
1057,GitcoinDAO,PrimeDAO
1058,GitcoinDAO,Project Galaxy
1059,GitcoinDAO,Proof of Humanity
1060,GitcoinDAO,Protein Community
1061,GitcoinDAO,Public Good School
1062,GitcoinDAO,Public Land Protocol
1063,GitcoinDAO,RabbitHole
1064,GitcoinDAO,Ribon
1065,GitcoinDAO,Science Fund
1066,GitcoinDAO,Shamba
1067,GitcoinDAO,ShapeShift DAO
1068,GitcoinDAO,SolidarityCard
1069,GitcoinDAO,Sovereign Nature
1070,GitcoinDAO,Storc
1071,GitcoinDAO,Surge
1072,GitcoinDAO,TEC
1073,GitcoinDAO,The Commons Stack
1074,GitcoinDAO,The DAOist
1075,GitcoinDAO,The Eden Dao
1076,GitcoinDAO,Toucan
1077,GitcoinDAO,Treejer Protocol
1078,GitcoinDAO,TryCrypto
1079,GitcoinDAO,VitaDAO
1080,Give Crypto,Giveth
1081,Give Crypto,ixo
1082,Give Crypto,Leyline
1083,Give Crypto,Planetary Resilience DAO
1084,Give Safely,Giving Block
1085,Giveth,Toucan
1086,Giveth,Popcorn
1087,Giveth,Impact
1088,Giveth,Science Fund
1089,Giveth,Kernel
1090,Giveth,RabbitHole
1091,Giveth,Meta Gamma Delta DAO 
1092,Giveth,PrimeDAO
1093,Giveth,Panvala
1094,Giveth,Kolektivo
1095,Giveth,Giving Block
1096,Giveth,The DAOist
1097,Giveth,Outlier Ventures
1098,Giveth,Proof of Humanity
1099,Giveth,The Commons Stack
1100,Giveth,Regen Network
1101,Giveth,Longtail Financial
1102,Giveth,ixo
1103,Giveth,Molecule
1104,Giveth,TEC
1105,Giveth,Grassroots Economics
1106,Giveth,ShapeShift DAO
1107,Giveth,Kleros
1108,Giveth,MOONJELLY
1109,Giveth,Pozzle Planet
1110,Giveth,Protein Community
1111,Giveth,Public Land Protocol
1112,Giveth,Solid World DAO
1113,Giveth,SolidarityCard
1114,Giveth,Treejer Protocol
1115,Giveth,VitaDAO
1116,Giving Block,Rainforest Direct
1117,Giving Block,Panvala
1118,Giving Block,Impact
1119,Giving Block,she256
1120,Giving Block,Open Earth Foundation
1121,Giving Block,Protein Community
1122,Giving Block,Sovereign Nature
1123,Giving Block,The Commons Stack
1124,Giving Block,Treejer Protocol
1125,Goldfinch,Mercy Corps Ventures FinX
1126,Goldfinch,Nader Dabit
1127,Grassroots Economics,impactMarket
1128,Grassroots Economics,ixo
1129,Grassroots Economics,Kernel
1130,Grassroots Economics,Kolektivo
1131,Grassroots Economics,Longtail Financial
1132,Grassroots Economics,Panvala
1133,Grassroots Economics,ReFi DAO
1134,Grassroots Economics,Return Protocol
1135,Grassroots Economics,Solid World DAO
1136,Grassroots Economics,The Commons Stack
1137,Grow Your Own Cloud,Molecule
1138,Grow Your Own Cloud,Seed Club
1139,Grow Your Own Cloud,Protein Community
1140,HumanDAO,Seed Club
1141,HumanDAO,Regen Network
1142,HumanDAO,RabbitHole
1143,HumanDAO,KlimaDAO
1144,HumanDAO,Layer3
1145,HumanDAO,Two Plus
1146,HumanDAO,Protein Community
1147,Impact,Toucan
1148,Impact,Project Ark
1149,impactMarket,UNICEF CryptoFund
1150,impactMarket,ixo
1151,impactMarket,Protein Community
1152,impactMarket,Solid World DAO
1153,ixo,Shamba
1154,ixo,The Eden Dao
1155,ixo,ReFi DAO
1156,ixo,Project Ark
1157,ixo,Solid World DAO
1158,ixo,Kumo Earth
1159,ixo,Seed Club
1160,ixo,Two Plus
1161,ixo,PrimeDAO
1162,ixo,Kolektivo
1163,ixo,KlimaDAO
1164,ixo,Nori
1165,ixo,The DAOist
1166,ixo,she256
1167,ixo,Rainforest Direct
1168,ixo,Outlier Ventures
1169,ixo,The Commons Stack
1170,ixo,Regen Network
1171,ixo,LOA Labs
1172,ixo,Toucan
1173,ixo,Molecule
1174,ixo,UNICEF CryptoFund
1175,ixo,TEC
1176,ixo,VitaDAO
1177,ixo,ShapeShift DAO
1178,ixo,Radicle
1179,ixo,MOONJELLY
1180,ixo,Planetary Resilience DAO
1181,ixo,Public Land Protocol
1182,ixo,Return Protocol
1183,ixo,Treejer Protocol
1184,Kernel,Surge
1185,Kernel,Regen Network
1186,Kernel,Toucan
1187,Kernel,RabbitHole
1188,Kernel,Protein Community
1189,Kernel,Meta Gamma Delta DAO 
1190,Kernel,she256
1191,Kernel,Radicle
1192,Kernel,PR1S0N Art
1193,Kernel,Longtail Financial
1194,Kernel,Opscientia.eth
1195,Kernel,Planetary Resilience DAO
1196,Kernel,Public Land Protocol
1197,Kernel,ReFi DAO
1198,Kernel,Return Protocol
1199,Kernel,TryCrypto
1200,Kernel,web3baddies
1201,Kleros,Proof of Humanity
1202,Kleros,PrimeDAO
1203,Kleros,Proof of Integrity
1204,Kleros,Protein Community
1205,Kleros,SolidarityCard
1206,KlimaDAO,Toucan
1207,KlimaDAO,LOA Labs
1208,KlimaDAO,Longtail Financial
1209,KlimaDAO,MOONJELLY
1210,KlimaDAO,Open Earth Foundation
1211,KlimaDAO,Open Forest Protocol
1212,KlimaDAO,Planetary Resilience DAO
1213,KlimaDAO,Pozzle Planet
1214,KlimaDAO,PrimeDAO
1215,KlimaDAO,Project Ark
1216,KlimaDAO,Protein Community
1217,KlimaDAO,Public Land Protocol
1218,KlimaDAO,ReFi DAO
1219,KlimaDAO,Regen Network
1220,KlimaDAO,Return Protocol
1221,KlimaDAO,Shamba
1222,KlimaDAO,Socialstack
1223,KlimaDAO,Solid World DAO
1224,KlimaDAO,Sovereign Nature
1225,KlimaDAO,The DAOist
1226,KlimaDAO,The Eden Dao
1227,KlimaDAO,VitaDAO
1228,Kolektivo,ReFi DAO
1229,Kolektivo,Treejer Protocol
1230,Kolektivo,Toucan
1231,Kolektivo,Regen Network
1232,Kolektivo,PrimeDAO
1233,Kolektivo,Panvala
1234,Kolektivo,The DAOist
1235,Kolektivo,The Commons Stack
1236,Kolektivo,LOA Labs
1237,Kolektivo,MOONJELLY
1238,Kolektivo,Planetary Resilience DAO
1239,Kolektivo,Protein Community
1240,Kolektivo,Public Land Protocol
1241,Kolektivo,Return Protocol
1242,Kolektivo,Solid World DAO
1243,Kumo Earth,Public Land Protocol
1244,Kumo Earth,The Eden Dao
1245,LabDAO,Molecule
1246,LabDAO,VitaDAO
1247,LabDAO,Opscientia.eth
1248,LabDAO,PsyDAO
1249,LabDAO,LYNX
1250,Layer3,Seed Club
1251,Layer3,Nader Dabit
1252,Layer3,Longtail Financial
1253,Layer3,Protein Community
1254,Layer3,The DAOist
1255,Leyline,Project Ark
1256,LOA Labs,NFTree Haus
1257,LOA Labs,The Eden Dao
1258,LOA Labs,Return Protocol
1259,LOA Labs,Solid World DAO
1260,LOA Labs,web3baddies
1261,LOA Labs,Open Forest Protocol
1262,LOA Labs,ReFi DAO
1263,LOA Labs,Public Land Protocol
1264,LOA Labs,Sovereign Nature
1265,LOA Labs,Nori
1266,LOA Labs,Open Earth Foundation
1267,LOA Labs,The Commons Stack
1268,LOA Labs,Regen Network
1269,LOA Labs,Toucan
1270,LOA Labs,TEC
1271,LOA Labs,Treejer Protocol
1272,Longtail Financial,Odyssey
1273,Longtail Financial,Panvala
1274,Longtail Financial,Toucan
1275,Longtail Financial,The DAOist
1276,Longtail Financial,Sovereign Nature
1277,Longtail Financial,Outlier Ventures
1278,Longtail Financial,Radicle
1279,Longtail Financial,The Commons Stack
1280,Longtail Financial,Regen Network
1281,Longtail Financial,Seed Club
1282,Longtail Financial,OCEAN Protocol
1283,Longtail Financial,TEC
1284,Longtail Financial,ShapeShift DAO
1285,Longtail Financial,RabbitHole
1286,Longtail Financial,PrimeDAO
1287,LYNX,Meta Gamma Delta DAO 
1288,LYNX,OCEAN Protocol
1289,LYNX,VitaDAO
1290,LYNX,Opscientia.eth
1291,Mercy Corps Ventures FinX,Toucan
1292,Mercy Corps Ventures FinX,ReFi DAO
1293,Mercy Corps Ventures FinX,Solid World DAO
1294,Meta Gamma Delta DAO ,web3baddies
1295,Meta Gamma Delta DAO ,Surge
1296,Meta Gamma Delta DAO ,We3
1297,Meta Gamma Delta DAO ,Seed Club
1298,Meta Gamma Delta DAO ,PrimeDAO
1299,Meta Gamma Delta DAO ,Panvala
1300,Meta Gamma Delta DAO ,PR1S0N Art
1301,Meta Gamma Delta DAO ,Toucan
1302,Molecule,Opscientia.eth
1303,Molecule,Planetary Resilience DAO
1304,Molecule,Protein Community
1305,Molecule,The Commons Stack
1306,Molecule,VitaDAO
1307,MOONJELLY,Toucan
1308,MOONJELLY,Return Protocol
1309,MOONJELLY,ReFi DAO
1310,MOONJELLY,The DAOist
1311,MOONJELLY,TEC
1312,MOONJELLY,Open Forest Protocol
1313,MOONJELLY,Pozzle Planet
1314,MOONJELLY,Public Land Protocol
1315,MOONJELLY,The Eden Dao
1316,MOONJELLY,Shamba
1317,MOONJELLY,Regen Network
1318,MOONJELLY,Solid World DAO
1319,Nader Dabit,Odyssey
1320,Nader Dabit,Tip Party
1321,Nader Dabit,Protein Community
1322,Nader Dabit,web3baddies
1323,Nader Dabit,RabbitHole
1324,Nader Dabit,VitaDAO
1325,Nader Dabit,Radicle
1326,Nader Dabit,Station
1327,Nader Dabit,Seed Club
1328,Nader Dabit,Web3 University
1329,NFTree Haus,ReFi DAO
1330,NFTree Haus,Regen Network
1331,NFTree Haus,The Eden Dao
1332,NFTree Haus,Public Land Protocol
1333,NFTree Haus,Return Protocol
1334,NFTree Haus,Solid World DAO
1335,Nori,Regen Network
1336,Nori,ShapeShift DAO
1337,Nori,Open Forest Protocol
1338,Nori,Public Land Protocol
1339,Nori,Return Protocol
1340,Nori,Solid World DAO
1341,Nori,Toucan
1342,OCEAN Protocol,Opscientia.eth
1343,OCEAN Protocol,Planetary Resilience DAO
1344,Odyssey,Parcel.money
1345,Open Earth Foundation,Project Ark
1346,Open Earth Foundation,Public Land Protocol
1347,Open Earth Foundation,Solid World DAO
1348,Open Forest Protocol,ReFi DAO
1349,Open Forest Protocol,Sovereign Nature
1350,Open Forest Protocol,Single Earth
1351,Open Forest Protocol,Pozzle Planet
1352,Open Forest Protocol,Toucan
1353,Open Forest Protocol,Regen Network
1354,Open Forest Protocol,Project Ark
1355,Open Forest Protocol,Public Land Protocol
1356,Open Forest Protocol,Return Protocol
1357,Open Forest Protocol,Shamba
1358,Open Forest Protocol,Solid World DAO
1359,OpenAccessDAO,VitaDAO
1360,OpenAccessDAO,ResearchHub DAO
1361,OpenAccessDAO,Opscientia.eth
1362,OpenAccessDAO,Public Land Protocol
1363,Opscientia.eth,VitaDAO
1364,Opscientia.eth,Vibe Bio
1365,Opscientia.eth,Science Fund
1366,Opscientia.eth,The Commons Stack
1367,Opscientia.eth,Surge
1368,Opscientia.eth,she256
1369,Opscientia.eth,PR1S0N Art
1370,Opscientia.eth,PsyDAO
1371,Opscientia.eth,Parcel.money
1372,Opscientia.eth,Planetary Resilience DAO
1373,Outlier Ventures,The Commons Stack
1374,Outlier Ventures,Protein Community
1375,Panvala,PrimeDAO
1376,Panvala,The Commons Stack
1377,Panvala,TEC
1378,Parcel.money,Seed Club
1379,Parcel.money,VitaDAO
1380,Parcel.money,Pozzle Planet
1381,Parcel.money,Protein Community
1382,PizzaDAO,Project Ark
1383,Planetary Resilience DAO,Seed Club
1384,Planetary Resilience DAO,The DAOist
1385,Planetary Resilience DAO,Science Fund
1386,Planetary Resilience DAO,ResearchHub DAO
1387,Planetary Resilience DAO,RabbitHole
1388,Planetary Resilience DAO,PsyDAO
1389,Planetary Resilience DAO,she256
1390,Planetary Resilience DAO,Therapoid
1391,Planetary Resilience DAO,Regen Network
1392,Planetary Resilience DAO,VitaDAO
1393,Planetary Resilience DAO,TryCrypto
1394,Popcorn,Project Ark
1395,Popcorn,Protein Community
1396,Popcorn,Regen Network
1397,Popcorn,Solid World DAO
1398,Popcorn,TEC
1399,Popcorn,Toucan
1400,Pozzle Planet,ReFi DAO
1401,Pozzle Planet,TEC
1402,Pozzle Planet,The DAOist
1403,Pozzle Planet,she256
1404,Pozzle Planet,Two Plus
1405,Pozzle Planet,PrimeDAO
1406,Pozzle Planet,The Commons Stack
1407,Pozzle Planet,The Eden Dao
1408,Pozzle Planet,Seed Club
1409,Pozzle Planet,Toucan
1410,Pozzle Planet,Protein Community
1411,Pozzle Planet,Solid World DAO
1412,Pozzle Planet,Sovereign Nature
1413,PR1S0N Art,Toucan
1414,PrimeDAO,The Eden Dao
1415,PrimeDAO,Tip Party
1416,PrimeDAO,TEC
1417,PrimeDAO,The DAOist
1418,PrimeDAO,RabbitHole
1419,PrimeDAO,The Commons Stack
1420,PrimeDAO,Regen Network
1421,PrimeDAO,Protein Community
1422,PrimeDAO,Project Ark
1423,PrimeDAO,Public Land Protocol
1424,PrimeDAO,Solid World DAO
1425,PrimeDAO,Sovereign Nature
1426,PrimeDAO,Toucan
1427,Project Ark,Seed Club
1428,Project Ark,The Eden Dao
1429,Project Ark,Public Land Protocol
1430,Project Ark,Treejer Protocol
1431,Project Ark,Toucan
1432,Project Ark,The Commons Stack
1433,Project Ark,Regen Network
1434,Project Ark,Solid World DAO
1435,Proof of Humanity,The Commons Stack
1436,Proof of Humanity,TEC
1437,Proof of Humanity,Proof of Integrity
1438,Proof of Humanity,SolidarityCard
1439,Protein Community,The Eden Dao
1440,Protein Community,Two Plus
1441,Protein Community,Station
1442,Protein Community,Public Land Protocol
1443,Protein Community,The DAOist
1444,Protein Community,she256
1445,Protein Community,The Commons Stack
1446,Protein Community,Socialstack
1447,Protein Community,Seed Club
1448,Protein Community,Toucan
1449,Protein Community,TEC
1450,Protein Community,Surge
1451,Protein Community,web3baddies
1452,Protein Community,RabbitHole
1453,PsyDAO,VitaDAO
1454,Public Land Protocol,Return Protocol
1455,Public Land Protocol,Surge
1456,Public Land Protocol,Two Plus
1457,Public Land Protocol,Solid World DAO
1458,Public Land Protocol,ReFi DAO
1459,Public Land Protocol,Sovereign Nature
1460,Public Land Protocol,The DAOist
1461,Public Land Protocol,The Commons Stack
1462,Public Land Protocol,Seed Club
1463,Public Land Protocol,Regen Network
1464,Public Land Protocol,Toucan
1465,Public Land Protocol,The Eden Dao
1466,Quest Book,TryCrypto
1467,RabbitHole,Ribon
1468,RabbitHole,Web3 University
1469,Radicle,The Commons Stack
1470,Radicle,The DAOist
1471,Rainforest Direct,Solid World DAO
1472,ReFi DAO,SuperBenefit
1473,ReFi DAO,Return Protocol
1474,ReFi DAO,Treejer Protocol
1475,ReFi DAO,Single Earth
1476,ReFi DAO,The Eden Dao
1477,ReFi DAO,Toucan
1478,ReFi DAO,Regen Network
1479,ReFi DAO,Shamba
1480,ReFi DAO,Solid World DAO
1481,Regen Network,The Eden Dao
1482,Regen Network,Toucan
1483,Regen Network,she256
1484,Regen Network,The Commons Stack
1485,Regen Network,TEC
1486,Regen Network,Return Protocol
1487,Regen Network,Shamba
1488,Regen Network,ShapeShift DAO
1489,Regen Network,Solid World DAO
1490,Regen Network,Sovereign Nature
1491,Regen Network,Treejer Protocol
1492,ResearchHub DAO,VitaDAO
1493,Return Protocol,Seed Club
1494,Return Protocol,Single Earth
1495,Return Protocol,Solid World DAO
1496,Return Protocol,Sovereign Nature
1497,Return Protocol,Treejer Protocol
1498,Return Protocol,The Eden Dao
1499,Return Protocol,The Commons Stack
1500,Return Protocol,Toucan
1501,Ribon,VitaDAO
1502,Science Fund,VitaDAO
1503,Seed Club,Socialstack
1504,Seed Club,The Eden Dao
1505,Seed Club,Treejer Protocol
1506,Seed Club,Two Plus
1507,Seed Club,VitaDAO
1508,Shamba,The Eden Dao
1509,Shamba,Toucan
1510,Shamba,Solid World DAO
1511,ShapeShift DAO,she256
1512,ShapeShift DAO,UltraSound Merch Supply Chain
1513,she256,UNICEF CryptoFund
1514,she256,TryCrypto
1515,Single Earth,Solid World DAO
1516,Solid World DAO,Sovereign Nature
1517,Solid World DAO,The DAOist
1518,Solid World DAO,Two Plus
1519,Solid World DAO,The Commons Stack
1520,Solid World DAO,Toucan
1521,Solid World DAO,The Eden Dao
1522,Solid World DAO,Treejer Protocol
1523,SolidarityCard,Tip Party
1524,Sovereign Nature,The Commons Stack
1525,Sovereign Nature,TEC
1526,Sovereign Nature,Toucan
1527,Sovereign Nature,The Eden Dao
1528,Station,Surge
1529,Station,The Eden Dao
1530,Surge,TryCrypto
1531,Surge,web3baddies
1532,TEC,VitaDAO
1533,TEC,Tip Party
1534,TEC,The DAOist
1535,TEC,The Commons Stack
1536,TEC,The Eden Dao
1537,TEC,Toucan
1538,The Commons Stack,Toucan
1539,The Commons Stack,The DAOist
1540,The Commons Stack,The Eden Dao
1541,The Commons Stack,VitaDAO
1542,The DAOist,VitaDAO
1543,The DAOist,Tip Party
1544,The DAOist,The Eden Dao
1545,The DAOist,Therapoid
1546,The Eden Dao,Toucan
1547,The Eden Dao,Treejer Protocol
1548,Tip Party,VitaDAO
1549,Toucan,VitaDAO
1550,Treejer Protocol,UNICEF CryptoFund
1551,TryCrypto,web3baddies
1552,Two Plus,WellnessDAO
1553,Vibe Bio,VitaDAO
