,UID,Project Name,Twitter,Logo URL,DAO Friends,DAO Followers
0,6135982,1729,oneseventwonine,http://pbs.twimg.com/profile_images/1375067996285063169/aV6PZdFa_normal.jpg,,"Ants-review, Artizen, Nader Dabit"
1,1370576489909993472,_slow_crypto - Fabrics of Reality,_slow_crypto,http://pbs.twimg.com/profile_images/1491209412874285061/bAuU-d5Q_normal.jpg,"Surge, 1Hive, Dream DAO, SuperBenefit, Leyline, DoinGud, Outlier Ventures",
2,1475869555826253828,0xdaoApe,0xdaoape,http://pbs.twimg.com/profile_images/1475869715058900994/7aKGFe00_normal.jpg,"1Hive, TEC, The Commons Stack, GitcoinDAO, The DAOist, Gitcoin, Giveth, 1Hive Gardens","Giveth, TEC"
3,996552749893304320,1Hive,1hiveorg,http://pbs.twimg.com/profile_images/1276286557494837248/SgXEhvrc_normal.png,"Curve Labs, The Commons Stack, GitcoinDAO, The DAOist, 1Hive Gardens","_slow_crypto - Fabrics of Reality, 0xdaoApe, 1Hive Gardens, Citizen DAO, Curve Labs, DeveloperDAO, Geo Web, Gitcoin, Giveth, ixo, Kolektivo, Longtail Financial, Panvala, PrimeDAO, Protein Community, Solid World DAO, TEC, The Commons Stack, The DAOist"
4,1421237328719360010,1Hive Gardens,gardensdao,http://pbs.twimg.com/profile_images/1479201973362577408/QreY0Mgx_normal.png,"TEC, Giveth, 1Hive","0xdaoApe, 1Hive, Citizen DAO, Giveth, Longtail Financial, Opscientia.eth, Pozzle Planet, Protein Community, Solid World DAO, TEC, The DAOist, The Eden Dao"
5,1352737184076476417,Acerola Fund,acerolafund,http://pbs.twimg.com/profile_images/1353749069131296781/XKissMx__normal.jpg,,
6,1403870329366355969,AcreDAOS,acredaos,http://pbs.twimg.com/profile_images/1461360204755308552/pM4Wpc8G_normal.jpg,"Toucan, Return Protocol, The Eden Dao, Blockchain for Climate foundation, Rainforest Direct, Giveth, All for Climate, Regen Network, DOER Money DAO, Open Forest Protocol, DoinGud, Impact, Public Land Protocol, Giving Block, VitaDAO, KlimaDAO, AYOWECCA, Endaoment","All for Climate, AntidoteDAO, Avano, Basin DAO, Carbon Captors , Citizen DAO, ClimateDAO , Cohere, DOER Money DAO, EarthFund, Ecorise, Endaoment, ixo, LOA Labs, Public Land Protocol, ReFi DAO, Regen Network, Return Protocol, Shamba, Solid World DAO, The Eden Dao, Treejer Protocol"
7,1460801607940116486,All for Climate,all4climatedao,http://pbs.twimg.com/profile_images/1461336359734554627/Zd05zz8c_normal.jpg,"Curve Labs, Future Foundation, ixo, Gaia, Return Protocol, ReFi DAO, Ecorise, Citizen DAO, Open Forest Protocol, Diatom DAO, ClimateDAO , Ecodao, Public Land Protocol, Kolektivo, Earthcoin, AcreDAOS, The Eden Dao, KlimaDAO, GitcoinDAO, DeveloperDAO, AYOWECCA, Giveth, Regen Network, Toucan, Blockchain for Climate foundation, Dream DAO","AcreDAOS, AntidoteDAO, Avano, Basin DAO, Bloomeria, Carbon Captors , Cherubs DAO, Citizen DAO, Climate Finance DAO, DeveloperDAO, EarthFund, Ecorise, Gitcoin, ixo, Longtail Financial, MOONJELLY, Protein Community, Public Land Protocol, ReFi DAO, Return Protocol, Solid World DAO, The Eden Dao, Treejer Protocol"
8,909513498652225538,Alliance DAO,alliancedao,http://pbs.twimg.com/profile_images/1481470059084062720/EudspJXo_normal.png,"Celo, impactMarket, Coinbase Earn","Celo, ClimateDAO , Grow Your Own Cloud, impactMarket, Longtail Financial, PrimeDAO, Project Galaxy"
9,1384732309123829761,Angel Protocol,angelprotocol,http://pbs.twimg.com/profile_images/1385343617225560068/Z0nRwp37_normal.jpg,Future Foundation,"AntidoteDAO, Citizen DAO, Future Foundation, Impact, ixo, Leyline, Protein Community, Public Land Protocol, Solid World DAO"
10,1486470137381371904,AntidoteDAO,antidotedao,http://pbs.twimg.com/profile_images/1500567831049498626/JwHeU4qz_normal.jpg,"Decrypt, Give Safely, Decent DAO, Future Foundation, Dream DAO, Angel Protocol, Citizen DAO, LabDAO, dClimate, HumanDAO, Seed Club, Popcorn, PrimeDAO, Open Forest Protocol, Return Protocol, Avano, AcreDAOS, PsyDAO, Meta Gamma Delta DAO , Carbon Captors , Public Land Protocol, The Eden Dao, KlimaDAO, DeveloperDAO, Basin DAO, Solid World DAO, All for Climate, CoinTelegraph, EarthFund, Diatom DAO, Coinmarketcap Earn, Regen Network, Giving Block, ClimateDAO , ReFi DAO, CoinDesk, Molecule, Cherubs DAO, VitaDAO","Carbon Captors , Cherubs DAO, Future Foundation, Public Land Protocol, Solid World DAO"
11,1261307955464593410,Ants-review,antsreview,http://pbs.twimg.com/profile_images/1266760531412692992/amsBtaCr_normal.jpg,"The Commons Stack, TEC, Molecule, VitaDAO, Atoms, Seed Club, Opscientia.eth, DoinGud, Kernel, Decrypt, Parcel.money, Meta Gamma Delta DAO , she256, ResearchHub DAO, RabbitHole, GitcoinDAO, Planetary Resilience DAO, 1729, Coinbase Earn, Cosmos, TryCrypto","Molecule, Opscientia.eth, Planetary Resilience DAO, PR1S0N Art"
12,1384244604124340229,Aquari,aquariofficial,http://pbs.twimg.com/profile_images/1390675212581097473/Zjzkwdqm_normal.jpg,,"ClimateDAO , LOA Labs, Solid World DAO"
13,3184528398,Artizen,artizenfund,http://pbs.twimg.com/profile_images/1354930931719491585/3e-XZrvq_normal.jpg,"Decrypt, Crypto Culture and Society, ClimateDAO , RabbitHole, Protein Community, she256, web3baddies, Regen Network, Ecodao, KlimaDAO, The Commons Stack, Cabin, Kleros, Proof of Humanity, 1729, GitcoinDAO, Seed Club","ClimateDAO , Protein Community"
14,1301143980357419008,Astral Protocol,astralprotocol,http://pbs.twimg.com/profile_images/1301144670177820672/qX3mlQtp_normal.jpg,"dClimate, Project Ark, Toucan, GitcoinDAO, Geo Web, KlimaDAO, Curve Labs, Kernel, Open Forest Protocol, PR1S0N Art","Carbon Captors , Curve Labs, dClimate, Ecorise, Geo Web, Kolektivo, Planetary Resilience DAO, PR1S0N Art, PrimeDAO, Protein Community, Public Land Protocol, Solid World DAO, Sovereign Nature, Toucan"
15,1407791007857475584,Atoms,atoms_org,http://pbs.twimg.com/profile_images/1408969527333847042/4-ZuTQNE_normal.jpg,,"Ants-review, Foresight Institute DAO, Molecule, Opscientia.eth, VitaDAO"
16,1458474141196107783,Avano,avano_io,http://pbs.twimg.com/profile_images/1494445096053325842/zxT6DGVz_normal.jpg,"Seed Club, Return Protocol, Sovereign Nature, NFTree Haus, ReFi DAO, AcreDAOS, All for Climate, Two Plus, ClimateDAO , The Eden Dao, Solid World DAO, Toucan, Diatom DAO, MOONJELLY, Public Land Protocol, Open Forest Protocol, Single Earth, Nori, Shamba, Regen Network, Bloomeria, dClimate, Gain Forest","AntidoteDAO, Carbon Captors , EarthFund, Geo Web, LOA Labs, MOONJELLY, NFTree Haus, Open Forest Protocol, Public Land Protocol, ReFi DAO, Return Protocol, Shamba, Solid World DAO"
17,3197090716,AYOWECCA,ayowecca_uganda,http://pbs.twimg.com/profile_images/1256915740197863425/YXN0dsRN_normal.jpg,Panvala,"AcreDAOS, All for Climate"
18,1425965171932028932,Bankless Academy,banklessacademy,http://pbs.twimg.com/profile_images/1486740212663341063/SYFi98Ti_normal.jpg,Gitcoin,
19,765801233110163456,Basin DAO,basindao,http://pbs.twimg.com/profile_images/1463399377402314760/DNY9cgtS_normal.jpg,"LOA Labs, ReFi DAO, Shamba, Gaia, ixo, Ecorise, Celo, All for Climate, AcreDAOS, KlimaDAO, Regen Network, Toucan, Public Land Protocol, Ecodao, The Eden Dao, dClimate, ClimateDAO , Longtail Financial","AntidoteDAO, Carbon Captors , Citizen DAO, Climate Finance DAO, ClimateDAO , dClimate, EarthFund, Ecorise, ixo, LOA Labs, Longtail Financial, Mercy Corps Ventures FinX, MOONJELLY, Project Ark, Public Land Protocol, ReFi DAO, Regen Network, Return Protocol, Shamba, Solid World DAO, Sovereign Nature, Treejer Protocol"
20,985686071244541952,Binance Academy,binanceacademy,http://pbs.twimg.com/profile_images/1455771077838180360/EDEc3-fT_normal.jpg,"CoinDesk, Coinmarketcap Earn","Coinmarketcap Earn, Leyline, ShapeShift DAO"
21,1476703422460039192,BioDAO,biodaoxyz,http://pbs.twimg.com/profile_images/1485042580177907714/n0Inv55w_normal.jpg,Opscientia.eth,"Cherubs DAO, Foresight Institute DAO, Opscientia.eth"
22,917429284939079680,Blockchain for Climate foundation,blockforclimate,http://pbs.twimg.com/profile_images/1455859963889213445/x8wXr7Oh_normal.jpg,"Toucan, DoinGud, Sovereign Nature, KlimaDAO, Open Earth Foundation, Giving Block, Regen Network, Giveth, she256, ixo, Nori, Planetary Resilience DAO, CoinTelegraph, Outlier Ventures, Coinmarketcap Earn, CoinDesk, Cosmos, ShapeShift DAO, Gain Forest, Coinbase Earn","AcreDAOS, All for Climate, Carbon Captors , Climate Finance DAO, ClimateDAO , Earthbanc, EarthFund, Giving Block, ixo, LOA Labs, MOONJELLY, Nori, Open Earth Foundation, Planetary Resilience DAO, Project Ark, Public Land Protocol, ReFi DAO, Regen Network, Return Protocol, ShapeShift DAO, Solid World DAO, Sovereign Nature, Treejer Protocol"
23,1465761898733969413,Blood M1n3,bloodm1n3,http://pbs.twimg.com/profile_images/1491776089915637764/-30DXuWW_normal.jpg,"Climate Finance DAO, Bloomeria, Kernel, Return Protocol, The DAOist, KlimaDAO, ReFi DAO, Giveth, Gitcoin, GitcoinDAO, dClimate, Open Forest Protocol, Public Land Protocol, Future Foundation, Toucan, ClimateDAO , Seed Club, Regen Network, LOA Labs","Public Land Protocol, Solid World DAO"
24,1355074667674009600,Bloomeria,bloomeria_dao,http://pbs.twimg.com/profile_images/1355088367013212161/aLWrVK0j_normal.jpg,"Dream DAO, Return Protocol, MOONJELLY, ReFi DAO, Treejer Protocol, LOA Labs, The Eden Dao, Climate Finance DAO, Open Forest Protocol, Toucan, All for Climate, KlimaDAO, Public Land Protocol, Giving Block, Panvala, Meta Gamma Delta DAO , GitcoinDAO, Kernel, Giveth, The Commons Stack, Regen Network, Kleros","Avano, Blood M1n3, EarthFund, Giveth, MOONJELLY, Public Land Protocol, Regen Network, Solid World DAO"
25,1442526544711225350,Boysclub Crypto,boysclubcrypto,http://pbs.twimg.com/profile_images/1442529841635594242/fugSbrnI_normal.jpg,"Meta Gamma Delta DAO , Grow Your Own Cloud, WellnessDAO, We3, Dropout DAO, Crypto Culture and Society, Celo, Seed Club, TryCrypto, ForeFront, Protein Community, Surge, Layer3, RabbitHole, web3baddies, she256","Celo, ClimateDAO , DeveloperDAO, Dropout DAO, Meta Gamma Delta DAO , Pozzle Planet, Protein Community, TryCrypto, Two Plus, web3baddies, WellnessDAO"
26,1392865673940983809,Brokoli,brokolinetwork,http://pbs.twimg.com/profile_images/1430617946167066626/PR2b57fF_normal.jpg,Coinmarketcap Earn,"LOA Labs, Project Ark"
27,1422255111422754816,Buildspace,_buildspace,http://pbs.twimg.com/profile_images/1422256068554641413/iR0aoxSO_normal.jpg,,"Citizen DAO, Climate Finance DAO, ClimateDAO , DeveloperDAO, Longtail Financial, Nader Dabit, Pozzle Planet, Protein Community, TryCrypto, Web3 University"
28,1328939221785174017,Cabin,creatorcabins,http://pbs.twimg.com/profile_images/1458804832551247877/z8CMVDb8_normal.jpg,"Seed Club, Station, Layer3, VitaDAO, Protein Community, ForeFront, Kernel","Artizen, Citizen DAO, Cohere, Planetary Resilience DAO, Protein Community, ReFi DAO, Seed Club, The DAOist, WellnessDAO"
29,1496813200632913922,Carbon Captors ,carboncaptors,http://pbs.twimg.com/profile_images/1496818455219216390/UwZ0CVsQ_normal.jpg,"Seed Club, AntidoteDAO, Gaia, dClimate, Astral Protocol, Kernel, Regen Network, Kumo Earth, EarthFund, Avano, Solid World DAO, Treejer Protocol, Public Land Protocol, Future Foundation, AcreDAOS, Return Protocol, Open Forest Protocol, GitcoinDAO, Nori, KlimaDAO, ClimateDAO , The Eden Dao, DeveloperDAO, Gitcoin, Basin DAO, All for Climate, Ecorise, Toucan, Climate Finance DAO, ReFi DAO, Blockchain for Climate foundation, Dream DAO","AntidoteDAO, Public Land Protocol, Solid World DAO"
30,1447429397821079552,Carbon Collectible NFTs,carbonoffsetnft,http://pbs.twimg.com/profile_images/1479066383774330880/joQ0HcsW_normal.jpg,,"Impact, Solid World DAO"
31,1009135067153616896,Celo,celoorg,http://pbs.twimg.com/profile_images/1493309659599486986/5ETdHxeE_normal.jpg,"Regen Network, RabbitHole, Kolektivo, Alliance DAO, The DAOist, Radicle, Boysclub Crypto, Dacade, impactMarket, she256, CoinTelegraph, Giving Block, GitcoinDAO, CoinDesk, UNICEF CryptoFund, Coinbase Earn, Cosmos","Alliance DAO, Basin DAO, Boysclub Crypto, ClimateDAO , Dacade, DeveloperDAO, Earthbanc, EarthFund, Ecorise, Endaoment, GitcoinDAO, Giving Block, impactMarket, ixo, Kolektivo, LOA Labs, Longtail Financial, Mercy Corps Ventures FinX, Nader Dabit, PrimeDAO, Protein Community, Public Land Protocol, Regen Network, Return Protocol, Ribon, Shamba, ShapeShift DAO, Socialstack, Solid World DAO, The DAOist, Toucan"
32,1421233268372824065,Cheerbot,cheerbotme,http://pbs.twimg.com/profile_images/1494446029843968001/SveAdFhD_normal.jpg,"Web3 Music Metadata Standards Coalition, Tip Party, Gitcoin",
33,1448253975980126209,Cherubs DAO,cherubsdao,http://pbs.twimg.com/profile_images/1461111085067603971/A1LX50MT_normal.jpg,"Citizen DAO, Dream DAO, Opscientia.eth, Tip Party, ReFi DAO, Gitcoin, Impact, TEC, Surge, The DAOist, Giveth, Vibe Bio, LabDAO, VitaDAO, Future Foundation, All for Climate, Earthcoin, PsyDAO, Nader Dabit, GitcoinDAO, BioDAO, CoinTelegraph, DoinGud, Coinmarketcap Earn, Giving Block, Molecule, CoinDesk, AntidoteDAO, Coinbase Earn","AntidoteDAO, Future Foundation, Giveth, Solid World DAO"
34,1470127827781570560,Circonomy,circonomydao,http://pbs.twimg.com/profile_images/1500542961410580496/DicM6XPM_normal.png,,
35,1391929522304471040,Citizen DAO,citizendao,http://pbs.twimg.com/profile_images/1466272943688888321/e8j2P6L4_normal.jpg,"LOA Labs, impactMarket, Popcorn, Climate Finance DAO, Angel Protocol, ReFi DAO, MOONJELLY, NFTree Haus, Layer3, Sovereign Nature, Open Forest Protocol, ClimateDAO , Public Land Protocol, Earthcoin, VitaDAO, LabDAO, Tip Party, 1Hive Gardens, Nader Dabit, KlimaDAO, Vibe Bio, Impact, Buildspace, The DAOist, 1Hive, GitcoinDAO, Gitcoin, Station, she256, DeveloperDAO, Basin DAO, All for Climate, Two Plus, CoinTelegraph, Code4rena, PrimeDAO, Diatom DAO, Giveth, Coinmarketcap Earn, ForeFront, The Commons Stack, Regen Network, Endaoment, Seed Club, Giving Block, Toucan, OCEAN Protocol, AcreDAOS, Cabin, Molecule, TEC, Kolektivo, web3baddies, Surge, Future Foundation, The Eden Dao, Ecodao, Grassroots Economics, PactDAO, Dream DAO, Crypto Culture and Society, RabbitHole, Radicle","All for Climate, AntidoteDAO, Cherubs DAO, DeveloperDAO, EarthFund, Ecodao, Future Foundation, Impact, LOA Labs, MOONJELLY, NFTree Haus, Protein Community, Public Land Protocol, Solid World DAO, Sovereign Nature, Surge"
36,1464751953750208512,Climate Finance DAO,climatefindao,http://pbs.twimg.com/profile_images/1464765590652997636/z7b63Skp_normal.jpg,"Basin DAO, PrimeDAO, Odyssey, Popcorn, Sovereign Nature, Treejer Protocol, Proof of Humanity, Ecodao, Buildspace, DeveloperDAO, Tip Party, RabbitHole, Gitcoin, Open Earth Foundation, All for Climate, ClimateDAO , The Eden Dao, Diatom DAO, Nader Dabit, Nori, GitcoinDAO, Regen Network, Toucan, Blockchain for Climate foundation","Blood M1n3, Bloomeria, Carbon Captors , Citizen DAO, EarthFund, MOONJELLY, Public Land Protocol, ReFi DAO, Solid World DAO, Treejer Protocol"
37,1425536434056749058,ClimateDAO ,climate_dao,http://pbs.twimg.com/profile_images/1499761953882923009/ZfgXLTBO_normal.png,"Station, VitaDAO, Alliance DAO, SuperBenefit, Future Foundation, Return Protocol, Buildspace, PizzaDAO, DOER Money DAO, Kernel, Diatom DAO, Solid World DAO, Public Land Protocol, Boysclub Crypto, ReFi DAO, Artizen, Open Forest Protocol, EarthFund, Gaia, The Eden Dao, KlimaDAO, DeveloperDAO, Aquari, Basin DAO, Celo, Seed Club, Regen Network, dClimate, Toucan, Project Ark, AcreDAOS, TEC, Protein Community, web3baddies, Layer3, Ecodao, Blockchain for Climate foundation, PactDAO, Dream DAO, Crypto Culture and Society, RabbitHole, PrimeDAO","All for Climate, AntidoteDAO, Artizen, Avano, Basin DAO, Blood M1n3, Carbon Captors , Citizen DAO, Climate Finance DAO, EarthFund, Future Foundation, LOA Labs, Longtail Financial, MOONJELLY, Open Forest Protocol, PactDAO, Pozzle Planet, PR1S0N Art, Protein Community, Public Land Protocol, ReFi DAO, Regen Network, Return Protocol, Shamba, Solid World DAO, Sovereign Nature, The Eden Dao"
38,1496363069525880835,Clime DAO,climedao,http://pbs.twimg.com/profile_images/1496363317321146370/0qSKSOnc_normal.jpg,Nader Dabit,Return Protocol
39,1358831196747235328,Code4rena,code4rena,http://pbs.twimg.com/profile_images/1461661937746407424/9RXtCZ5v_normal.png,Parcel.money,Citizen DAO
40,1358092687963021314,Cohere,coherenetwork,http://pbs.twimg.com/profile_images/1358113018681446400/IPcrmbdD_normal.jpg,"Regen Network, Ecodao, The Eden Dao, Sovereign Nature, Protein Community, Future Foundation, PrimeDAO, RabbitHole, ReFi DAO, The DAOist, Two Plus, Cabin, Public Land Protocol, AcreDAOS, Kolektivo","Public Land Protocol, ReFi DAO, Solid World DAO"
41,574032254,Coinbase Earn,coinbase,http://pbs.twimg.com/profile_images/1484586799921909764/A9yYenz3_normal.png,Give Crypto,"Alliance DAO, Ants-review, Blockchain for Climate foundation, Celo, Cherubs DAO, CoinDesk, Coinmarketcap Earn, CoinTelegraph, Cosmos, Decent DAO, Decrypt, DeveloperDAO, Endaoment, GitcoinDAO, Giveth, Giving Block, ixo, Molecule, Planetary Resilience DAO, Project Galaxy, Protein Community, Public Land Protocol, ShapeShift DAO, Storc, Therapoid"
42,1333467482,CoinDesk,coindesk,http://pbs.twimg.com/profile_images/1430879040156667904/NlbJjd-l_normal.png,"Giving Block, GitcoinDAO, ShapeShift DAO, Coinmarketcap Earn, Coinbase Earn, Cosmos","AntidoteDAO, Binance Academy, Blockchain for Climate foundation, Celo, Cherubs DAO, Coinmarketcap Earn, Cool Points Club, dClimate, Decent DAO, Giving Block, HumanDAO, ixo, Kleros, Mercy Corps Ventures FinX, Molecule, Nori, Open Earth Foundation, Project Galaxy, Protein Community, ShapeShift DAO, Storc, Surge, Therapoid, UNICEF CryptoFund, VitaDAO, web3baddies"
43,2260491445,Coinmarketcap Earn,coinmarketcap,http://pbs.twimg.com/profile_images/1475337078544248835/JRWM0Hsl_normal.jpg,"Decrypt, Binance Academy, CoinTelegraph, ShapeShift DAO, CoinDesk, Coinbase Earn","AntidoteDAO, Binance Academy, Blockchain for Climate foundation, Brokoli, Cherubs DAO, Citizen DAO, CoinDesk, CoinTelegraph, Decent DAO, Decrypt, Giving Block, HumanDAO, Planetary Resilience DAO, Project Galaxy, Protein Community, ShapeShift DAO, Storc"
44,2207129125,CoinTelegraph,cointelegraph,http://pbs.twimg.com/profile_images/1270073276740534274/APmUBHaI_normal.jpg,"Giving Block, Whiteboard Crypto, Nader Dabit, ShapeShift DAO, Coinmarketcap Earn, Coinbase Earn, Cosmos","AntidoteDAO, Blockchain for Climate foundation, Celo, Cherubs DAO, Citizen DAO, Coinmarketcap Earn, Cool Points Club, Decent DAO, Endaoment, Give Safely, Giveth, Giving Block, impactMarket, Kleros, Nader Dabit, Nori, Outlier Ventures, Project Galaxy, Protein Community, ShapeShift DAO, Socialstack, Storc, VitaDAO, Whiteboard Crypto"
45,2473091772,Converge,converge4impact,http://pbs.twimg.com/profile_images/1438991514206556164/Okjj6J9L_normal.jpg,,Protein Community
46,1427415501777498124,Cool Points Club,coolpointsclub,http://pbs.twimg.com/profile_images/1439790931859804165/HFfHi-ix_normal.jpg,"Toucan, ReFi DAO, KlimaDAO, CoinTelegraph, Solid World DAO, CoinDesk",Solid World DAO
47,15223775,Cosmos,cosmos,http://pbs.twimg.com/profile_images/1328431690268729347/flijoJYv_normal.jpg,"Regen Network, ixo, GitcoinDAO, Coinbase Earn","Ants-review, Blockchain for Climate foundation, Celo, CoinDesk, CoinTelegraph, Curve Labs, Decrypt, Earthbanc, EarthFund, GitcoinDAO, ixo, LOA Labs, Outlier Ventures, Pozzle Planet, PR1S0N Art, Protein Community, Public Land Protocol, Regen Network, Shamba, ShapeShift DAO, Solid World DAO"
48,1393871555894071296,Crowdmuse,crowdmuse,http://pbs.twimg.com/profile_images/1499475706996273156/ymt0Jq2X_normal.jpg,,
49,1437562337150455809,Crypto Culture and Society,cryptosocietys1,http://pbs.twimg.com/profile_images/1458991184756494352/w5_kw214_normal.jpg,,"Artizen, Boysclub Crypto, Citizen DAO, ClimateDAO , DeveloperDAO, Dropout DAO, Longtail Financial, Protein Community, Public Good School, Solid World DAO, Surge, Two Plus"
50,1028536069330022400,Curve Labs,curvelabs,http://pbs.twimg.com/profile_images/1245988736736694275/Hz0HxYEA_normal.jpg,"Astral Protocol, Regen Network, Kolektivo, Seed Club, The DAOist, VitaDAO, TEC, PrimeDAO, Sovereign Nature, 1Hive, GitcoinDAO, Toucan, ixo, Radicle, The Commons Stack, Cosmos","1Hive, All for Climate, Astral Protocol, ETH Puerto Rico DAO, Geo Web, ixo, Kolektivo, LOA Labs, Longtail Financial, Molecule, PrimeDAO, Project Ark, ReFi DAO, Sovereign Nature, TEC, The Commons Stack, The Eden Dao, Toucan, VitaDAO"
51,939964970518876166,Dacade,dacadeorg,http://pbs.twimg.com/profile_images/1411636688183611396/GSSUm9eF_normal.jpg,Celo,Celo
52,1435302453654736898,DAOpunks,daopunksnft,http://pbs.twimg.com/profile_images/1445550891466047493/4RSf3ecC_normal.jpg,UltraSound Merch Supply Chain,"Pozzle Planet, UltraSound Merch Supply Chain"
53,1356383420289581056,dClimate,dclimatedao,http://pbs.twimg.com/profile_images/1483443499546644493/2sruqkVw_normal.png,"Regen Network, Astral Protocol, The Eden Dao, Basin DAO, Toucan, ReFi DAO, Decrypt, Open Forest Protocol, CoinDesk","AntidoteDAO, Astral Protocol, Avano, Basin DAO, Blood M1n3, Carbon Captors , ClimateDAO , Earthbanc, Geo Web, Open Forest Protocol, Public Land Protocol, Return Protocol, Shamba, Solid World DAO, Sovereign Nature"
54,869742357964521474,Decent DAO,decent_dao,http://pbs.twimg.com/profile_images/1389651235008036873/bXqAPBB3_normal.jpg,"CoinTelegraph, ShapeShift DAO, Coinmarketcap Earn, CoinDesk, Coinbase Earn",AntidoteDAO
55,993530753014054912,Decrypt,decryptmedia,http://pbs.twimg.com/profile_images/1253721837034446849/XpFSkRiV_normal.jpg,"Coinmarketcap Earn, Coinbase Earn, Cosmos","AntidoteDAO, Ants-review, Artizen, Coinmarketcap Earn, dClimate, DoinGud, Giveth, ixo, Kleros, Leyline, Pozzle Planet, Project Galaxy, Protein Community, ShapeShift DAO"
56,1433793310703898629,DeveloperDAO,developer_dao,http://pbs.twimg.com/profile_images/1498373755583799301/dr7zfeyt_normal.jpg,"Surge, Seed Club, WellnessDAO, Dropout DAO, ForeFront, Future Foundation, Boysclub Crypto, All for Climate, 1Hive, Dream DAO, Citizen DAO, Crypto Culture and Society, Odyssey, Gitcoin, she256, RabbitHole, KlimaDAO, GitcoinDAO, Tip Party, Nader Dabit, Quest Book, Buildspace, Web3 University, Celo, Coinbase Earn, Protein Community, web3baddies, Layer3, TryCrypto, Radicle","All for Climate, AntidoteDAO, Carbon Captors , Citizen DAO, Climate Finance DAO, ClimateDAO , EarthFund, Future Foundation, Gitcoin, LabDAO, Layer3, Longtail Financial, Nader Dabit, Odyssey, Pozzle Planet, Protein Community, Public Good School, Tip Party, TryCrypto, Web3 University, web3baddies, WellnessDAO"
57,1464509494717734918,DeWork,deworkxyz,http://pbs.twimg.com/profile_images/1475779919040978944/yRb9aWtP_normal.jpg,,Pozzle Planet
58,1435670041412898825,Diatom DAO,diatomdao,http://pbs.twimg.com/profile_images/1453440139301171205/oZZfX0z5_normal.jpg,KlimaDAO,"All for Climate, AntidoteDAO, Avano, Citizen DAO, Climate Finance DAO, ClimateDAO , EarthFund, ixo, MOONJELLY, Pozzle Planet, Public Land Protocol, Regen Network, Return Protocol, Solid World DAO, The Eden Dao, Treejer Protocol"
59,1474425781220786184,DOER Money DAO,doerdotmoney,http://pbs.twimg.com/profile_images/1496463760474660872/JmqKQYSg_normal.jpg,AcreDAOS,"AcreDAOS, ClimateDAO "
60,1242250551888359424,DoinGud,doingudhq,http://pbs.twimg.com/profile_images/1494031084115300352/GPelir5H_normal.jpg,"Socialstack, Giving Block, Giveth, GitcoinDAO, Open Earth Foundation, Decrypt, Endaoment, Kernel, Panvala","_slow_crypto - Fabrics of Reality, AcreDAOS, Ants-review, Blockchain for Climate foundation, Cherubs DAO, EarthFund, Endaoment, Foresight Institute DAO, Geo Web, Give Safely, Giveth, Giving Block, Impact, Kernel, Kolektivo, Longtail Financial, MOONJELLY, NFTree Haus, Open Earth Foundation, Panvala, Proof of Integrity, Protein Community, Socialstack, TEC, The Eden Dao"
61,1436307043791646720,Dream DAO,dreamdao_,http://pbs.twimg.com/profile_images/1450845956035993604/3WlyJf0K_normal.jpg,,"_slow_crypto - Fabrics of Reality, All for Climate, AntidoteDAO, Bloomeria, Carbon Captors , Cherubs DAO, Citizen DAO, ClimateDAO , DeveloperDAO, EarthFund, Future Foundation, Gitcoin, Impact, MOONJELLY, Protein Community, Public Land Protocol, Solid World DAO, The Eden Dao"
62,1484984042575450115,Dropout DAO,dropout_dao,http://pbs.twimg.com/profile_images/1496026122055610371/Xetz9Wxn_normal.png,"Surge, NFTree Haus, Station, We3, web3baddies, Crypto Culture and Society, she256, Boysclub Crypto","Boysclub Crypto, DeveloperDAO, NFTree Haus, Protein Community, TryCrypto"
63,1244607227270479872,Earthbanc,earthbanc,http://pbs.twimg.com/profile_images/1267436792858509313/Wj5fOLGk_normal.jpg,"Shamba, ReFi DAO, Popcorn, PrimeDAO, dClimate, The Eden Dao, Tip Party, Blockchain for Climate foundation, Toucan, Regen Network, Ecodao, KlimaDAO, RabbitHole, Radicle, Celo, Cosmos","ixo, Public Land Protocol, Shamba, Solid World DAO"
64,1282978407731597314,Earthcoin,solarpunkdao,http://pbs.twimg.com/profile_images/1316739015543054343/Yipggux__normal.jpg,,"All for Climate, Cherubs DAO, Citizen DAO, EarthFund, LOA Labs, Public Land Protocol, Regen Network, Return Protocol, Solid World DAO, Toucan"
65,1479191424826544136,EarthFund,earthfund_io,http://pbs.twimg.com/profile_images/1479192567103250446/CKL2GFAr_normal.jpg,"DoinGud, RabbitHole, Blockchain for Climate foundation, Single Earth, impactMarket, Gitcoin, Solid World DAO, Return Protocol, Endaoment, Popcorn, Treejer Protocol, Earthcoin, Avano, Public Land Protocol, All for Climate, Gaia, Sovereign Nature, MOONJELLY, KlimaDAO, ClimateDAO , The Eden Dao, Citizen DAO, DeveloperDAO, Basin DAO, Ecorise, Open Forest Protocol, Diatom DAO, ForeFront, The Commons Stack, Celo, Seed Club, Regen Network, Bloomeria, LOA Labs, Toucan, Climate Finance DAO, AcreDAOS, ReFi DAO, Cosmos, Future Foundation, Ecodao, Grassroots Economics, Dream DAO, NFTree Haus","AntidoteDAO, Carbon Captors , ClimateDAO , Future Foundation, MOONJELLY, NFTree Haus, Public Land Protocol, Return Protocol, Solid World DAO"
66,1450323110889205761,Ecodao,ecodao_,http://pbs.twimg.com/profile_images/1489782876073775104/Zd7mt8QM_normal.jpg,"Toucan, Regen Network, Kolektivo, KlimaDAO, Citizen DAO","All for Climate, Artizen, Basin DAO, Citizen DAO, Climate Finance DAO, ClimateDAO , Cohere, Earthbanc, EarthFund, Endaoment, Geo Web, Giveth, Kolektivo, Longtail Financial, MOONJELLY, Opscientia.eth, Pozzle Planet, Project Ark, Public Land Protocol, Rainforest Direct, Return Protocol, Solid World DAO, Sovereign Nature, The Eden Dao, WellnessDAO"
67,1397085271108120576,Ecorise,ecorisedao,http://pbs.twimg.com/profile_images/1467220224143331330/uKgUEXym_normal.jpg,"Haon Earth , Astral Protocol, Celo, AcreDAOS, Shamba, LOA Labs, All for Climate, Solid World DAO, ixo, Return Protocol, Basin DAO, ReFi DAO, Public Land Protocol, The Eden Dao, Open Forest Protocol, KlimaDAO, Regen Network","All for Climate, Basin DAO, Carbon Captors , EarthFund, ixo, LOA Labs, Open Forest Protocol, Public Land Protocol, ReFi DAO, Return Protocol, Shamba, Solid World DAO, The Eden Dao"
68,1470221395401584642,Ed3DAO / Ed3 Educators,ed3dao,http://pbs.twimg.com/profile_images/1470501085831909386/1sl_-kmr_normal.jpg,,
69,4143371861,elimu.ai Community üë©üèΩ‚ÄçüöÄ,elimu_ai,http://pbs.twimg.com/profile_images/1105890174431563776/_0ydZcq2_normal.png,UNICEF CryptoFund,
70,1179549886003339264,Endaoment,endaomentdotorg,http://pbs.twimg.com/profile_images/1498709336448634885/F8YOgsx2_normal.jpg,"Giveth, Future Foundation, The Eden Dao, Ecodao, AcreDAOS, GitcoinDAO, CoinTelegraph, she256, Kleros, Proof of Humanity, Celo, impactMarket, Meta Gamma Delta DAO , Socialstack, Giving Block, DoinGud, Coinbase Earn","AcreDAOS, Citizen DAO, DoinGud, EarthFund, Foresight Institute DAO, Give Safely, Giving Block, Impact, Longtail Financial, she256, Socialstack"
71,1375109555525451784,ETH Puerto Rico DAO,ethprdao,http://pbs.twimg.com/profile_images/1375109755824447489/O15M9cdV_normal.png,"Giveth, Proof of Humanity, Curve Labs, Kolektivo, PrimeDAO",
72,1314178787496558593,EthStaker,ethstaker,http://pbs.twimg.com/profile_images/1414641274359980034/qkpE3qgA_normal.png,,
73,1087282265774669824,ForeFront,forefront__,http://pbs.twimg.com/profile_images/1293402536427139072/N2kir6jx_normal.jpg,,"Boysclub Crypto, Cabin, Citizen DAO, DeveloperDAO, EarthFund, Future Foundation, Gitcoin, ixo, Longtail Financial, Meta Gamma Delta DAO , Nader Dabit, Planetary Resilience DAO, Pozzle Planet, PrimeDAO, Protein Community, Seed Club, Surge, The DAOist, Two Plus"
74,260394566,Foresight Institute DAO,foresightinst,http://pbs.twimg.com/profile_images/1463135179506135047/qd7-ZZYm_normal.jpg,"Atoms, Molecule, LabDAO, Opscientia.eth, GitcoinDAO, Endaoment, VitaDAO, DoinGud, ResearchHub DAO, BioDAO","LYNX, Molecule, Opscientia.eth, The Commons Stack, VitaDAO"
75,1416824727063044097,Future Foundation,ourfuturefdn,http://pbs.twimg.com/profile_images/1454550351365869571/uYcZtxPj_normal.jpg,"AntidoteDAO, Cherubs DAO, ClimateDAO , GitcoinDAO, Return Protocol, ReFi DAO, Giveth, DeveloperDAO, EarthFund, Citizen DAO, Pozzle Planet, Angel Protocol, Dream DAO, ForeFront, Seed Club","All for Climate, Angel Protocol, AntidoteDAO, Blood M1n3, Carbon Captors , Cherubs DAO, Citizen DAO, ClimateDAO , Cohere, DeveloperDAO, EarthFund, Endaoment, ixo, MOONJELLY, Pozzle Planet, Protein Community, Solid World DAO"
76,1465812048655302658,Gaia,gaiadao_fi,http://pbs.twimg.com/profile_images/1489949834144628738/yASkfiYh_normal.jpg,ixo,"All for Climate, Basin DAO, Carbon Captors , ClimateDAO , EarthFund, MOONJELLY, Pozzle Planet, Public Land Protocol, Return Protocol, Treejer Protocol"
77,930478984260997120,Gain Forest,gainforestnow,http://pbs.twimg.com/profile_images/1284054028234772480/4CFuaH4Z_normal.png,Project Ark,"Avano, Blockchain for Climate foundation, LOA Labs, Project Ark, Solid World DAO"
78,1467028143697444864,GenomesDAO,genomesio,http://abs.twimg.com/sticky/default_profile_images/default_profile_normal.png,,
79,1291047910973546496,Geo Web,thegeoweb,http://pbs.twimg.com/profile_images/1370182208053460997/Cb3OyrL3_normal.jpg,"dClimate, Toucan, Kolektivo, Tip Party, Ecodao, Seed Club, Gitcoin, Avano, Regen Network, Leyline, 1Hive, Radicle, Panvala, Kernel, RabbitHole, GitcoinDAO, Nader Dabit, Giveth, DoinGud, The Commons Stack, Project Ark, TEC, Astral Protocol, Curve Labs","Astral Protocol, Giveth, Project Ark"
80,1389223427635089413,Gitcoin,gitcoindao,http://pbs.twimg.com/profile_images/1461730414146564100/BtBfgjFa_normal.jpg,"1Hive, Panvala, Dream DAO, PrimeDAO, Toucan, DeveloperDAO, All for Climate, ForeFront, Tip Party, GitcoinDAO","0xdaoApe, Bankless Academy, Blood M1n3, Carbon Captors , Cheerbot, Cherubs DAO, Citizen DAO, Climate Finance DAO, DeveloperDAO, EarthFund, Geo Web, GitcoinDAO, Giveth, Grow Your Own Cloud, Longtail Financial, Open Forest Protocol, Pozzle Planet, PrimeDAO, Protein Community, Public Good School, SolidarityCard, TEC, The DAOist, Tip Party, UltraSound Merch Supply Chain, VitaDAO"
81,856446453157376003,GitcoinDAO,gitcoin,http://pbs.twimg.com/profile_images/1461700151383400450/3Kwlnvl__normal.png,"Regen Network, Radicle, Celo, Tip Party, Panvala, Gitcoin, Kernel, Seed Club, Giveth, Coinbase Earn, Cosmos","0xdaoApe, 1Hive, All for Climate, Ants-review, Artizen, Astral Protocol, Blood M1n3, Bloomeria, Carbon Captors , Celo, Cherubs DAO, Citizen DAO, Climate Finance DAO, CoinDesk, Cosmos, Curve Labs, DeveloperDAO, DoinGud, Endaoment, Foresight Institute DAO, Future Foundation, Geo Web, Gitcoin, Giveth, Giving Block, Impact, impactMarket, ixo, Kernel, Longtail Financial, Meta Gamma Delta DAO , Molecule, MOONJELLY, Nader Dabit, Open Forest Protocol, Opscientia.eth, Panvala, Planetary Resilience DAO, PrimeDAO, Project Galaxy, Proof of Humanity, Protein Community, Public Good School, Public Land Protocol, RabbitHole, Ribon, Science Fund, Shamba, ShapeShift DAO, SolidarityCard, Sovereign Nature, Storc, Surge, TEC, The Commons Stack, The DAOist, The Eden Dao, Tip Party, Toucan, Treejer Protocol, TryCrypto, VitaDAO"
82,968272857741471744,Give Crypto,givecrypto,http://pbs.twimg.com/profile_images/1012076844659757057/h_V_oaoG_normal.jpg,,"Coinbase Earn, Giveth, ixo, Leyline, Planetary Resilience DAO"
83,1192105126028292096,Give Safely,givesafely,http://pbs.twimg.com/profile_images/1456617919882858497/X05a_MDX_normal.png,"Endaoment, Giving Block, DoinGud, CoinTelegraph",AntidoteDAO
84,798810763586478080,Giveth,givethio,http://pbs.twimg.com/profile_images/1440344140609294348/5dWIUeGd_normal.jpg,"Toucan, Cherubs DAO, Popcorn, Ecodao, 0xdaoApe, Gitcoin, Impact, Science Fund, Kernel, RabbitHole, 1Hive Gardens, Meta Gamma Delta DAO , PrimeDAO, Panvala, Kolektivo, Giving Block, GitcoinDAO, The DAOist, 1Hive, Decrypt, CoinTelegraph, Outlier Ventures, Proof of Humanity, Geo Web, DoinGud, The Commons Stack, Regen Network, Longtail Financial, Bloomeria, Give Crypto, ixo, Molecule, TEC, Grassroots Economics, ShapeShift DAO, Coinbase Earn","0xdaoApe, 1Hive Gardens, AcreDAOS, All for Climate, Blockchain for Climate foundation, Blood M1n3, Bloomeria, Cherubs DAO, Citizen DAO, DoinGud, Endaoment, ETH Puerto Rico DAO, Future Foundation, Geo Web, GitcoinDAO, Giving Block, Impact, ixo, Kleros, Kolektivo, Longtail Financial, Meta Gamma Delta DAO , Molecule, MOONJELLY, Panvala, Pozzle Planet, PrimeDAO, Proof of Meditation , Protein Community, Public Land Protocol, Regen Network, Science Fund, ShapeShift DAO, Solid World DAO, SolidarityCard, TEC, The Commons Stack, The DAOist, Toucan, Treejer Protocol, VitaDAO"
85,997232321328709632,Giving Block,thegivingblock,http://pbs.twimg.com/profile_images/1456701115953819651/KtRYjYHP_normal.jpg,"Rainforest Direct, DoinGud, Panvala, Impact, Endaoment, she256, Celo, GitcoinDAO, Blockchain for Climate foundation, Giveth, CoinTelegraph, Coinmarketcap Earn, CoinDesk, Coinbase Earn","AcreDAOS, AntidoteDAO, Blockchain for Climate foundation, Bloomeria, Celo, Cherubs DAO, Citizen DAO, CoinDesk, CoinTelegraph, DoinGud, Endaoment, Give Safely, Giveth, Impact, Open Earth Foundation, Panvala, Protein Community, Sovereign Nature, The Commons Stack, Treejer Protocol"
86,1258598055672250369,Global Unity,globalunityorg,http://pbs.twimg.com/profile_images/1258598799104147458/MHRV9sdf_normal.jpg,,
87,1279207125701390337,Goldfinch,goldfinch_fi,http://pbs.twimg.com/profile_images/1297172195664437248/pc1EXI0M_normal.png,,"Mercy Corps Ventures FinX, Nader Dabit"
88,3044819057,Grassroots Economics,grassecon,http://pbs.twimg.com/profile_images/633954214390071297/kk84cHZN_normal.jpg,,"Citizen DAO, EarthFund, Giveth, impactMarket, ixo, Kernel, Kolektivo, Longtail Financial, Panvala, ReFi DAO, Return Protocol, Solid World DAO, The Commons Stack"
89,1463443931761315847,GreenClimateDAO,greenclimatedao,http://pbs.twimg.com/profile_images/1466430798505074694/-xsBdZLO_normal.jpg,,
90,1049744320356470784,Grow Your Own Cloud,_gyoc,http://pbs.twimg.com/profile_images/1049744592596172800/Sjcjq22N_normal.jpg,"Molecule, Seed Club, Alliance DAO, Protein Community, Gitcoin","Boysclub Crypto, Protein Community"
91,1495671703179247619,Gr√ºenDAO,gruendao,http://pbs.twimg.com/profile_images/1495693727687671811/e3Zf630d_normal.jpg,,LOA Labs
92,1316387922900389888,Haon Earth ,haonearth,http://pbs.twimg.com/profile_images/1481320600924794884/Ut4uAvsA_normal.jpg,,Ecorise
93,1298256072008851456,HumanDAO,humandao,http://pbs.twimg.com/profile_images/1486566824414257153/DXadf9Sv_normal.jpg,"Seed Club, Regen Network, RabbitHole, KlimaDAO, Layer3, Two Plus, Coinmarketcap Earn, CoinDesk","AntidoteDAO, Protein Community"
94,1465870751072985089,HumanRightsDAO,rightsdao,http://pbs.twimg.com/profile_images/1465871290808422408/1UkEyJuT_normal.jpg,,
95,1449797270367440899,Impact,impact_xyz,http://pbs.twimg.com/profile_images/1454936406501982214/io-yy6DB_normal.jpg,"Toucan, Project Ark, Citizen DAO, Angel Protocol, Carbon Collectible NFTs, GitcoinDAO, Dream DAO, Giveth, Endaoment, DoinGud, Giving Block","AcreDAOS, Cherubs DAO, Citizen DAO, Giveth, Giving Block, Project Ark"
96,981545118468591617,impactMarket,ipctmarket,http://pbs.twimg.com/profile_images/1469089560684601346/7398GHIH_normal.jpg,"Celo, Alliance DAO, GitcoinDAO, CoinTelegraph, Grassroots Economics, UNICEF CryptoFund","Alliance DAO, Celo, Citizen DAO, EarthFund, Endaoment, ixo, Protein Community, Solid World DAO"
97,895384153134440449,ixo,ixoworld,http://pbs.twimg.com/profile_images/1457293969801482241/78AXqR-5_normal.jpg,"Shamba, impactMarket, The Eden Dao, Future Foundation, ReFi DAO, Project Ark, Solid World DAO, All for Climate, Kumo Earth, Seed Club, Two Plus, Diatom DAO, AcreDAOS, PrimeDAO, Kolektivo, Angel Protocol, KlimaDAO, GitcoinDAO, Nori, The DAOist, 1Hive, Decrypt, she256, Basin DAO, Rainforest Direct, Ecorise, Outlier Ventures, Giveth, ForeFront, The Commons Stack, Celo, Regen Network, LOA Labs, Toucan, Give Crypto, Earthbanc, Molecule, CoinDesk, UNICEF CryptoFund, Cosmos, TEC, VitaDAO, Blockchain for Climate foundation, Grassroots Economics, Curve Labs, ShapeShift DAO, Coinbase Earn, Radicle","All for Climate, Basin DAO, Blockchain for Climate foundation, Cosmos, Curve Labs, Ecorise, Gaia, Giveth, Kolektivo, LOA Labs, Molecule, MOONJELLY, Planetary Resilience DAO, Project Ark, Public Land Protocol, ReFi DAO, Regen Network, Return Protocol, Shamba, Solid World DAO, The Commons Stack, Treejer Protocol"
98,1312116381157134338,Kernel,kernel0x,http://pbs.twimg.com/profile_images/1370056971592757248/-aY-VlJK_normal.jpg,"Surge, Regen Network, Toucan, RabbitHole, Protein Community, DoinGud, Meta Gamma Delta DAO , she256, Radicle, GitcoinDAO, PR1S0N Art, Grassroots Economics","Ants-review, Astral Protocol, Blood M1n3, Bloomeria, Cabin, Carbon Captors , ClimateDAO , DoinGud, Geo Web, GitcoinDAO, Giveth, Longtail Financial, Meta Gamma Delta DAO , Opscientia.eth, Planetary Resilience DAO, PR1S0N Art, Protein Community, Public Land Protocol, ReFi DAO, Return Protocol, Surge, Toucan, TryCrypto, web3baddies"
99,1433659947066212354,Kleoverse,kleoverse,http://pbs.twimg.com/profile_images/1483929744353681420/o3I8Erm7_normal.png,,
100,897536642159972352,Kleros,kleros_io,http://pbs.twimg.com/profile_images/897538206287179777/lRmXoLeB_normal.jpg,"Proof of Humanity, Decrypt, Giveth, CoinTelegraph, CoinDesk","Artizen, Bloomeria, Endaoment, Molecule, PrimeDAO, Proof of Humanity, Proof of Integrity, Protein Community, SolidarityCard"
101,1400139779480731651,KlimaDAO,klimadao,http://pbs.twimg.com/profile_images/1478155147649953799/7hlpmj4N_normal.jpg,Toucan,"AcreDAOS, All for Climate, AntidoteDAO, Artizen, Astral Protocol, Basin DAO, Blockchain for Climate foundation, Blood M1n3, Bloomeria, Carbon Captors , Citizen DAO, ClimateDAO , Cool Points Club, DeveloperDAO, Diatom DAO, Earthbanc, EarthFund, Ecodao, Ecorise, HumanDAO, ixo, LOA Labs, Longtail Financial, Molecule, MOONJELLY, Open Earth Foundation, Open Forest Protocol, Planetary Resilience DAO, Pozzle Planet, PrimeDAO, Project Ark, Protein Community, Public Land Protocol, ReFi DAO, Regen Network, Return Protocol, Shamba, Socialstack, Solid World DAO, Sovereign Nature, The DAOist, The Eden Dao, Toucan, VitaDAO"
102,1143047629246521346,Kolektivo,kolektivo,http://pbs.twimg.com/profile_images/1401271608262660096/V2Ugoagb_normal.png,"Celo, ReFi DAO, Ecodao, Astral Protocol, Treejer Protocol, Toucan, DoinGud, ixo, Regen Network, 1Hive, PrimeDAO, Panvala, The DAOist, Giveth, Grassroots Economics, Curve Labs, The Commons Stack","All for Climate, Celo, Citizen DAO, Cohere, Curve Labs, Ecodao, ETH Puerto Rico DAO, Geo Web, Giveth, ixo, LOA Labs, MOONJELLY, Panvala, Planetary Resilience DAO, PrimeDAO, Protein Community, Public Land Protocol, ReFi DAO, Return Protocol, Solid World DAO, The Commons Stack, The DAOist, Toucan, Treejer Protocol"
103,1479829555363917831,Kumo Earth,kumo_dao,http://pbs.twimg.com/profile_images/1483701117632528385/cT_EA2SQ_normal.jpg,,"Carbon Captors , ixo, Public Land Protocol, The Eden Dao"
104,1459210292307632130,LabDAO,lab_dao,http://pbs.twimg.com/profile_images/1492164455840423940/uSPUItUM_normal.jpg,"Molecule, VitaDAO, Opscientia.eth, DeveloperDAO, PsyDAO","AntidoteDAO, Cherubs DAO, Citizen DAO, Foresight Institute DAO, LYNX, Molecule, Opscientia.eth, VitaDAO"
105,1488298230840442881,LaborDAO,thelabordao,http://pbs.twimg.com/profile_images/1495543237544710145/CHYRkGuD_normal.jpg,,
106,1393335143188762624,Layer3,layer3xyz,http://pbs.twimg.com/profile_images/1478126788056256513/PIdFeLla_normal.jpg,"Seed Club, Nader Dabit, DeveloperDAO","Boysclub Crypto, Cabin, Citizen DAO, ClimateDAO , DeveloperDAO, HumanDAO, Longtail Financial, Nader Dabit, Protein Community, The DAOist"
107,1316165327772762112,Leyline,leylinenp,http://pbs.twimg.com/profile_images/1417107314885074952/inpL5nPO_normal.jpg,"Project Ark, Angel Protocol, Binance Academy, Give Crypto, Decrypt","_slow_crypto - Fabrics of Reality, Geo Web"
108,1438261304381214720,LOA Labs,loa_labs,http://pbs.twimg.com/profile_images/1469211321082126336/DqzqzjaP_normal.jpg,"Basin DAO, NFTree Haus, ClimateDAO , Gr√ºenDAO, The Eden Dao, Return Protocol, Solid World DAO, web3baddies, Open Forest Protocol, Earthcoin, Citizen DAO, ReFi DAO, Avano, Public Land Protocol, AcreDAOS, Sovereign Nature, Kolektivo, KlimaDAO, Nori, Open Earth Foundation, Aquari, Ecorise, Brokoli, Celo, The Commons Stack, Regen Network, Toucan, ixo, Cosmos, TEC, Blockchain for Climate foundation, Curve Labs, Treejer Protocol, Gain Forest","Basin DAO, Blood M1n3, Bloomeria, Citizen DAO, EarthFund, Ecorise, ixo, Public Land Protocol, ReFi DAO, Regen Network, Return Protocol, Solid World DAO, Sovereign Nature"
109,1199433426136268800,Longtail Financial,longtailfintech,http://pbs.twimg.com/profile_images/1448425192611479555/8_VK3mwZ_normal.jpg,"Layer3, Ecodao, Odyssey, Panvala, ClimateDAO , DeveloperDAO, All for Climate, Toucan, Basin DAO, DoinGud, 1Hive Gardens, KlimaDAO, The DAOist, Crypto Culture and Society, Gitcoin, Sovereign Nature, Alliance DAO, Kernel, GitcoinDAO, Buildspace, 1Hive, Outlier Ventures, Radicle, Giveth, ForeFront, Celo, The Commons Stack, Endaoment, Regen Network, Seed Club, OCEAN Protocol, TEC, Grassroots Economics, Curve Labs, ShapeShift DAO, RabbitHole, PrimeDAO","Basin DAO, Giveth, PrimeDAO, Regen Network, Sovereign Nature, TEC, The Commons Stack, The DAOist"
110,1477896500806295553,LYNX,lynx_technology,http://pbs.twimg.com/profile_images/1491655163127697409/NF9kdOGK_normal.jpg,"Meta Gamma Delta DAO , OCEAN Protocol, LabDAO, VitaDAO, Opscientia.eth, Foresight Institute DAO","Meta Gamma Delta DAO , Molecule, Opscientia.eth"
111,1402925484099440640,Menthol Protocol,mentholprotocol,http://pbs.twimg.com/profile_images/1443546246728323078/Y5cMaToi_normal.jpg,,Return Protocol
112,710890642780499969,Mercy Corps Ventures FinX,mcsocialventure,http://pbs.twimg.com/profile_images/1435274463717871620/qNE1kP0a_normal.jpg,"Basin DAO, Toucan, Celo, ReFi DAO, Goldfinch, CoinDesk",Solid World DAO
113,1228861748741935104,Meta Gamma Delta DAO ,metagammadelta,http://pbs.twimg.com/profile_images/1471144153958342660/ijgjNr7e_normal.jpg,"web3baddies, LYNX, Surge, We3, Seed Club, ForeFront, Boysclub Crypto, Giveth, PrimeDAO, GitcoinDAO, Kernel, Panvala","AntidoteDAO, Ants-review, Bloomeria, Boysclub Crypto, Endaoment, Giveth, Kernel, LYNX, Molecule, Panvala, PR1S0N Art, PrimeDAO, Toucan"
114,1475246097249542152,MITCoin,mitcoinprotocol,http://pbs.twimg.com/profile_images/1475421503621455874/Fk33wlgU_normal.jpg,,
115,981035585933627392,Molecule,molecule_dao,http://pbs.twimg.com/profile_images/1467939545182310410/rqdU1J3V_normal.jpg,"Nectar Protocol, LYNX, Vibe Bio, Surge, Atoms, OpenAccessDAO, LabDAO, Ants-review, KlimaDAO, Opscientia.eth, Seed Club, Meta Gamma Delta DAO , GitcoinDAO, VitaDAO, ixo, PsyDAO, The DAOist, Giveth, Therapoid, The Commons Stack, Foresight Institute DAO, CoinDesk, UNICEF CryptoFund, Kleros, Curve Labs, Coinbase Earn","AntidoteDAO, Ants-review, Cherubs DAO, Citizen DAO, Foresight Institute DAO, Giveth, Grow Your Own Cloud, ixo, LabDAO, Molecule, Opscientia.eth, Planetary Resilience DAO, Protein Community, The Commons Stack, VitaDAO"
116,1427320063137308675,Molecule,molecule_to,http://pbs.twimg.com/profile_images/1480431311433179138/IwWHo372_normal.jpg,Molecule,VitaDAO
117,2848268970,Montaia,montaialife,http://pbs.twimg.com/profile_images/917223750113697792/eMJPsqaw_normal.jpg,,
118,1365378105196511234,MOONJELLY,wearemoonjelly,http://pbs.twimg.com/profile_images/1401629295248764928/3ahETmp2_normal.jpg,"Toucan, Return Protocol, ReFi DAO, GitcoinDAO, The DAOist, TEC, Kolektivo, Dream DAO, Open Forest Protocol, EarthFund, Pozzle Planet, Ecodao, Gaia, Public Land Protocol, Future Foundation, Diatom DAO, KlimaDAO, The Eden Dao, ClimateDAO , Citizen DAO, Basin DAO, All for Climate, Avano, Giveth, DoinGud, Shamba, Regen Network, Bloomeria, Climate Finance DAO, ixo, Blockchain for Climate foundation","Avano, Bloomeria, Citizen DAO, EarthFund, Public Land Protocol, ReFi DAO, Return Protocol, Shamba, Solid World DAO"
119,17189394,Nader Dabit,dabit3,http://pbs.twimg.com/profile_images/1496581535914414082/LB6_2C6f_normal.jpg,"Layer3, ForeFront, Odyssey, Tip Party, Protein Community, web3baddies, Goldfinch, DeveloperDAO, Buildspace, RabbitHole, VitaDAO, CoinTelegraph, Celo, Radicle, 1729, GitcoinDAO, Station, Seed Club","Cherubs DAO, Citizen DAO, Climate Finance DAO, Clime DAO, CoinTelegraph, DeveloperDAO, Geo Web, Layer3, Protein Community, Web3 University"
120,1334351116562120704,Nas Academy,nasacademy,http://pbs.twimg.com/profile_images/1496357402811449346/vENj2aVR_normal.jpg,Web3 University,
121,1076879940803592196,Natives in Tech,nativesintech,http://pbs.twimg.com/profile_images/1370457604896526339/fnICzLHE_normal.jpg,,
122,1431364626177003520,Nectar Protocol,nectarprotocol,http://pbs.twimg.com/profile_images/1448800639308509185/xjae91MB_normal.jpg,,Molecule
123,79387828,New Atlantis,newatlantis,http://pbs.twimg.com/profile_images/1158711752/icon12887771878109_normal.jpg,,
124,1884644034,NFTREE,a_micorriza,http://pbs.twimg.com/profile_images/378800000493225239/6ce090ef322401c65eb0c8e4a1e2a816_normal.jpeg,,
125,1475917660319739905,NFTree Haus,nftreehaus,http://pbs.twimg.com/profile_images/1478588578380726273/iVHiGbiB_normal.jpg,"Citizen DAO, ReFi DAO, Regen Network, Dropout DAO, The Eden Dao, DoinGud, Avano, EarthFund","Avano, Citizen DAO, Dropout DAO, EarthFund, LOA Labs, Public Land Protocol, ReFi DAO, Return Protocol, Solid World DAO"
126,928691337200676864,Nori,nori,http://pbs.twimg.com/profile_images/1490772408755634177/xu0QpGfG_normal.jpg,"Regen Network, Blockchain for Climate foundation, CoinTelegraph, ShapeShift DAO, CoinDesk","Avano, Blockchain for Climate foundation, Carbon Captors , Climate Finance DAO, ixo, LOA Labs, Open Forest Protocol, Public Land Protocol, Regen Network, Return Protocol, ShapeShift DAO, Solid World DAO, Toucan"
127,1438244505405165568,OAK,oakcurrency,http://pbs.twimg.com/profile_images/1439671952948416512/0eAb4YhW_normal.jpg,,
128,1397456391875538944,OCEAN Protocol,oceandao_,http://pbs.twimg.com/profile_images/1403113745551925249/uDnhMK0J_normal.jpg,,"Citizen DAO, Longtail Financial, LYNX, Opscientia.eth, Planetary Resilience DAO"
129,1452431447751413762,Odyssey,odyssey_dao,http://pbs.twimg.com/profile_images/1470905088608587781/f7swb0g1_normal.png,DeveloperDAO,"Climate Finance DAO, DeveloperDAO, Longtail Financial, Nader Dabit, Parcel.money"
130,1322883611306151940,Open Earth Foundation,open__earth,http://pbs.twimg.com/profile_images/1322889265689350145/uDgLitGp_normal.jpg,"Giving Block, DoinGud, Blockchain for Climate foundation, KlimaDAO, CoinDesk","Blockchain for Climate foundation, Climate Finance DAO, DoinGud, LOA Labs, Project Ark, Public Land Protocol, Solid World DAO"
131,1379332784121073672,Open Forest Protocol,openforest_,http://pbs.twimg.com/profile_images/1501195924768534528/0QgebLXH_normal.jpg,"Ecorise, ReFi DAO, Sovereign Nature, ClimateDAO , Single Earth, Gitcoin, dClimate, Avano, Nori, Pozzle Planet, Toucan, KlimaDAO, GitcoinDAO, Regen Network","AcreDAOS, All for Climate, AntidoteDAO, Astral Protocol, Avano, Blood M1n3, Bloomeria, Carbon Captors , Citizen DAO, ClimateDAO , dClimate, EarthFund, Ecorise, LOA Labs, MOONJELLY, Project Ark, Public Land Protocol, Return Protocol, Shamba, Solid World DAO, Sovereign Nature"
132,1463105102210682883,OpenAccessDAO,openaccessdao,http://pbs.twimg.com/profile_images/1468371149729927171/GsKVA0vr_normal.jpg,"VitaDAO, ResearchHub DAO","Molecule, Opscientia.eth, Public Land Protocol, VitaDAO"
133,1356457660804079618,Opscientia.eth,opscientia,http://pbs.twimg.com/profile_images/1498736145311494148/qkKG-TvU_normal.jpg,"Molecule, LYNX, LabDAO, VitaDAO, Vibe Bio, OpenAccessDAO, Science Fund, The Commons Stack, Surge, Ecodao, 1Hive Gardens, GitcoinDAO, she256, PR1S0N Art, Kernel, Ants-review, PsyDAO, BioDAO, Foresight Institute DAO, OCEAN Protocol, Parcel.money, Atoms","Ants-review, BioDAO, Cherubs DAO, Foresight Institute DAO, LabDAO, LYNX, Molecule, Planetary Resilience DAO, PR1S0N Art, Science Fund, VitaDAO"
134,2676374953,Outlier Ventures,oviohq,http://pbs.twimg.com/profile_images/1451398609279148037/2MmLzX81_normal.jpg,"The Commons Stack, CoinTelegraph, Cosmos","_slow_crypto - Fabrics of Reality, Blockchain for Climate foundation, Giveth, ixo, Longtail Financial, Protein Community, The Commons Stack"
135,1257134622783287296,PactDAO,pactdao,http://pbs.twimg.com/profile_images/1455023492064219136/vDVwQax0_normal.jpg,ClimateDAO ,"Citizen DAO, ClimateDAO "
136,1016099988517081089,Panvala,panvalahq,http://pbs.twimg.com/profile_images/1432945984150155264/U3XNtqRo_normal.jpg,"1Hive, PrimeDAO, DoinGud, Giving Block, Giveth, Kolektivo, Meta Gamma Delta DAO , The Commons Stack, GitcoinDAO, Grassroots Economics","AYOWECCA, Bloomeria, DoinGud, Geo Web, Gitcoin, GitcoinDAO, Giveth, Giving Block, Kolektivo, Longtail Financial, Meta Gamma Delta DAO , PrimeDAO, TEC, The Commons Stack"
137,1493348606539186180,ParadigmStates+,paradigmstates,http://pbs.twimg.com/profile_images/1493722080520585217/AgiIfPwX_normal.jpg,,
138,1271569631543779328,Parcel.money,parcelhq,http://pbs.twimg.com/profile_images/1495678950235725824/F5vbYU64_normal.jpg,"Seed Club, VitaDAO, Odyssey","Ants-review, Code4rena, Opscientia.eth, Pozzle Planet, Protein Community"
139,1354998647373631491,PizzaDAO,pizza_dao,http://pbs.twimg.com/profile_images/1355865765434548226/o8w7q6J9_normal.jpg,,"ClimateDAO , Project Ark"
140,542591255,Planetary Resilience DAO,jessezondervan,http://pbs.twimg.com/profile_images/1442221827372331008/bDdtfhxI_normal.jpg,"Seed Club, ForeFront, Kolektivo, KlimaDAO, The DAOist, Science Fund, Astral Protocol, Blockchain for Climate foundation, ResearchHub DAO, OCEAN Protocol, Opscientia.eth, Kernel, Cabin, RabbitHole, ixo, Ants-review, GitcoinDAO, PsyDAO, she256, Therapoid, Coinmarketcap Earn, Regen Network, Coinbase Earn, Give Crypto, Molecule, VitaDAO, TryCrypto","Ants-review, Blockchain for Climate foundation"
141,1366906648204353538,Popcorn,popcorn_dao,http://pbs.twimg.com/profile_images/1426209860417372168/mV6ZhCM-_normal.jpg,,"AntidoteDAO, Citizen DAO, Climate Finance DAO, Earthbanc, EarthFund, Giveth, Project Ark, Protein Community, Regen Network, Solid World DAO, TEC, Toucan"
142,1440469367905390599,Pozzle Planet,pozzleplanet,http://pbs.twimg.com/profile_images/1443085920782016513/FecIc-Cc_normal.jpg,"Giveth, ReFi DAO, TEC, Buildspace, The DAOist, she256, DeWork, Two Plus, PrimeDAO, The Commons Stack, 1Hive Gardens, Gaia, Gitcoin, Future Foundation, Diatom DAO, The Eden Dao, DAOpunks, KlimaDAO, ClimateDAO , Decrypt, DeveloperDAO, Boysclub Crypto, ForeFront, Seed Club, Toucan, Parcel.money, Cosmos, Protein Community, Ecodao","Future Foundation, MOONJELLY, Open Forest Protocol, Protein Community, Solid World DAO, Sovereign Nature"
143,1395776239231766539,PR1S0N Art,pr1s0nart,http://pbs.twimg.com/profile_images/1500890212892819464/J6BhVCFT_normal.jpg,"Toucan, Astral Protocol, ClimateDAO , Opscientia.eth, Ants-review, Kernel, Meta Gamma Delta DAO , Cosmos","Astral Protocol, Kernel, Opscientia.eth"
144,1280797106886901761,PrimeDAO,primedao_,http://pbs.twimg.com/profile_images/1399376178453090305/RJD82RrV_normal.jpg,"Astral Protocol, ForeFront, The Eden Dao, GitcoinDAO, Tip Party, Gitcoin, TEC, Longtail Financial, KlimaDAO, Giveth, The DAOist, Kolektivo, RabbitHole, Alliance DAO, Meta Gamma Delta DAO , Panvala, 1Hive, Celo, The Commons Stack, Regen Network, Protein Community, Kleros, Curve Labs","AntidoteDAO, Citizen DAO, Climate Finance DAO, ClimateDAO , Cohere, Curve Labs, Earthbanc, ETH Puerto Rico DAO, Gitcoin, Giveth, ixo, Kolektivo, Longtail Financial, Meta Gamma Delta DAO , Panvala, Pozzle Planet, Project Ark, Protein Community, Public Land Protocol, Regen Network, Solid World DAO, Sovereign Nature, TEC, The DAOist, The Eden Dao, Tip Party, Toucan"
145,1346005452702822400,Project Ark,weareprojectark,http://pbs.twimg.com/profile_images/1466469450912251916/9loneEs0_normal.jpg,"Curve Labs, ixo, PrimeDAO, Impact, Brokoli, Blockchain for Climate foundation, Seed Club, Basin DAO, The Eden Dao, Ecodao, KlimaDAO, Open Forest Protocol, Public Land Protocol, Treejer Protocol, Toucan, Popcorn, PizzaDAO, Open Earth Foundation, Geo Web, The Commons Stack, Regen Network, Gain Forest","Astral Protocol, ClimateDAO , Gain Forest, Geo Web, Impact, ixo, Leyline, Public Land Protocol, Regen Network, Solid World DAO, Treejer Protocol"
146,1375235209495388161,Project Galaxy,projectgalaxyhq,http://pbs.twimg.com/profile_images/1473612521248489473/KfwokkZe_normal.jpg,"Decrypt, Alliance DAO, GitcoinDAO, CoinTelegraph, Coinmarketcap Earn, CoinDesk, Coinbase Earn",
147,1309423401929449472,Proof of Humanity,proofofhumanity,http://pbs.twimg.com/profile_images/1380603982205321217/EuVE1qKL_normal.jpg,"The Commons Stack, TEC, Kleros, GitcoinDAO","Artizen, Climate Finance DAO, Endaoment, ETH Puerto Rico DAO, Giveth, Kleros, Proof of Integrity, SolidarityCard"
148,1470499744598343683,Proof of Integrity,proof_integrity,http://pbs.twimg.com/profile_images/1479571988326715392/brDTz-ll_normal.jpg,"Kleros, DoinGud, Proof of Humanity",
149,1495480836547923968,Proof of Meditation ,om_proof,http://pbs.twimg.com/profile_images/1495483029057421317/i4pOW9I2_normal.jpg,Giveth,
150,11127012,Protein Community,protein,http://pbs.twimg.com/profile_images/1498963326621175811/-33yvad6_normal.jpg,"Layer3, Citizen DAO, Molecule, Dropout DAO, Dream DAO, The Eden Dao, Grow Your Own Cloud, Two Plus, Parcel.money, Boysclub Crypto, Station, Angel Protocol, Public Land Protocol, impactMarket, Artizen, Kolektivo, 1Hive Gardens, Popcorn, Nader Dabit, Kernel, KlimaDAO, The DAOist, 1Hive, Buildspace, GitcoinDAO, Decrypt, she256, DeveloperDAO, Gitcoin, All for Climate, Worldcoin, Pozzle Planet, CoinTelegraph, Outlier Ventures, Giveth, DoinGud, Coinmarketcap Earn, ForeFront, The Commons Stack, Celo, Converge, HumanDAO, Socialstack, Seed Club, Giving Block, Toucan, ClimateDAO , Cabin, CoinDesk, Cosmos, TEC, Astral Protocol, Surge, web3baddies, Future Foundation, Kleros, Crypto Culture and Society, RabbitHole, Coinbase Earn, PrimeDAO","Artizen, Boysclub Crypto, Cabin, ClimateDAO , Cohere, DeveloperDAO, Grow Your Own Cloud, Kernel, Nader Dabit, Pozzle Planet, PrimeDAO, Public Land Protocol, Seed Club, Toucan"
151,1445488879801233425,PsyDAO,psydao_,http://pbs.twimg.com/profile_images/1445490915284447247/FkxX31Om_normal.jpg,,"AntidoteDAO, Cherubs DAO, LabDAO, Molecule, Opscientia.eth, Planetary Resilience DAO, VitaDAO"
152,1482443678836834316,Public Good School,publicgood_s,http://pbs.twimg.com/profile_images/1482443795438489609/odYydXDD_normal.png,"Crypto Culture and Society, Gitcoin, GitcoinDAO, DeveloperDAO",
153,1469482054316396556,Public Land Protocol,publicland_,http://pbs.twimg.com/profile_images/1491917594315657253/DxhlXfFb_normal.jpg,"AntidoteDAO, Ecodao, Carbon Captors , Project Ark, Return Protocol, Blood M1n3, Dream DAO, Kumo Earth, Surge, Two Plus, Cohere, MOONJELLY, Kernel, Gaia, EarthFund, Solid World DAO, ReFi DAO, Kolektivo, OpenAccessDAO, Earthcoin, Sovereign Nature, The DAOist, Open Earth Foundation, Nori, KlimaDAO, GitcoinDAO, Citizen DAO, Basin DAO, All for Climate, Ecorise, Avano, Open Forest Protocol, Diatom DAO, Giveth, Celo, The Commons Stack, Seed Club, Regen Network, Bloomeria, dClimate, LOA Labs, Toucan, ClimateDAO , Climate Finance DAO, ixo, AcreDAOS, Earthbanc, Cosmos, Angel Protocol, Protein Community, Astral Protocol, The Eden Dao, Blockchain for Climate foundation, NFTree Haus, Coinbase Earn, PrimeDAO","AcreDAOS, All for Climate, AntidoteDAO, Avano, Basin DAO, Blood M1n3, Bloomeria, Carbon Captors , Citizen DAO, ClimateDAO , Cohere, EarthFund, Ecorise, LOA Labs, MOONJELLY, Project Ark, Protein Community, ReFi DAO, Return Protocol, Solid World DAO, Sovereign Nature"
154,184079765,Quest Book,questbookapp,http://pbs.twimg.com/profile_images/1408744728749690884/yidYsHJD_normal.jpg,,"DeveloperDAO, TryCrypto"
155,1254192452522696705,RabbitHole,rabbithole_gg,http://pbs.twimg.com/profile_images/1438893096998146051/rcnWPNuz_normal.jpg,GitcoinDAO,"Ants-review, Artizen, Boysclub Crypto, Celo, Citizen DAO, Climate Finance DAO, ClimateDAO , Cohere, DeveloperDAO, Earthbanc, EarthFund, Geo Web, Giveth, HumanDAO, Kernel, Longtail Financial, Nader Dabit, Planetary Resilience DAO, PrimeDAO, Protein Community, Ribon, Web3 University"
156,1054235330516320257,Radicle,radicle,http://pbs.twimg.com/profile_images/1372563232850870274/aREQff_C_normal.jpg,,"Celo, Citizen DAO, Curve Labs, DeveloperDAO, Earthbanc, Geo Web, GitcoinDAO, ixo, Kernel, Longtail Financial, Nader Dabit, The Commons Stack, The DAOist"
157,20268832,Rainforest Direct,rainforestus,http://pbs.twimg.com/profile_images/1382099215875194884/idaiCBlV_normal.jpg,Ecodao,"AcreDAOS, Giving Block, ixo, Solid World DAO"
158,1466503752379244545,ReFi DAO,refidaoist,http://pbs.twimg.com/profile_images/1495113844108234757/KIz-ugMM_normal.jpg,"Climate Finance DAO, NFTree Haus, SuperBenefit, Kolektivo, Basin DAO, Return Protocol, MOONJELLY, Avano, Cohere, Blockchain for Climate foundation, Cabin, KlimaDAO, Treejer Protocol, ixo, AcreDAOS, Public Land Protocol, Single Earth, ClimateDAO , Kernel, The Eden Dao, All for Climate, Ecorise, LOA Labs, Toucan, Grassroots Economics, Curve Labs","All for Climate, AntidoteDAO, Avano, Basin DAO, Blood M1n3, Bloomeria, Carbon Captors , Cherubs DAO, Citizen DAO, ClimateDAO , Cohere, Cool Points Club, dClimate, Earthbanc, EarthFund, Ecorise, Future Foundation, ixo, Kolektivo, LOA Labs, Mercy Corps Ventures FinX, MOONJELLY, NFTree Haus, Open Forest Protocol, Pozzle Planet, Public Land Protocol, Regen Network, Return Protocol, Shamba, Solid World DAO, The Eden Dao, Treejer Protocol"
159,925006951926390784,Regen Network,regen_network,http://pbs.twimg.com/profile_images/1372333329698070529/4EbTnabi_normal.png,"Bloomeria, AcreDAOS, Earthcoin, Basin DAO, ReFi DAO, The Eden Dao, Popcorn, LOA Labs, ClimateDAO , Diatom DAO, Toucan, she256, PrimeDAO, ixo, KlimaDAO, Nori, Giveth, Celo, The Commons Stack, Longtail Financial, Project Ark, Cosmos, TEC, Blockchain for Climate foundation","AcreDAOS, All for Climate, AntidoteDAO, Artizen, Avano, Basin DAO, Blockchain for Climate foundation, Blood M1n3, Bloomeria, Carbon Captors , Celo, Citizen DAO, Climate Finance DAO, ClimateDAO , Cohere, Cosmos, Curve Labs, dClimate, Earthbanc, EarthFund, Ecodao, Ecorise, Geo Web, GitcoinDAO, Giveth, HumanDAO, ixo, Kernel, Kolektivo, LOA Labs, Longtail Financial, MOONJELLY, NFTree Haus, Nori, Open Forest Protocol, Planetary Resilience DAO, PrimeDAO, Project Ark, Public Land Protocol, Return Protocol, Shamba, ShapeShift DAO, Solid World DAO, Sovereign Nature, The Commons Stack, The Eden Dao, Treejer Protocol"
160,1087793160409903105,ResearchHub DAO,researchhub,http://pbs.twimg.com/profile_images/1235282243083309056/3FotQ3eu_normal.png,,"Ants-review, Foresight Institute DAO, OpenAccessDAO, Planetary Resilience DAO, VitaDAO"
161,1486905896223526913,Return Protocol,returnprotocol,http://pbs.twimg.com/profile_images/1486911107763781634/hK1LCOdh_normal.jpg,"Basin DAO, dClimate, Seed Club, Clime DAO, Single Earth, Gaia, All for Climate, ixo, Open Forest Protocol, EarthFund, Solid World DAO, Sovereign Nature, Treejer Protocol, Kernel, MOONJELLY, NFTree Haus, ClimateDAO , Earthcoin, Nori, Public Land Protocol, The Eden Dao, Kolektivo, KlimaDAO, Ecorise, Avano, Diatom DAO, Celo, The Commons Stack, Regen Network, Menthol Protocol, LOA Labs, Toucan, AcreDAOS, ReFi DAO, Ecodao, Blockchain for Climate foundation, Grassroots Economics","AcreDAOS, All for Climate, AntidoteDAO, Avano, Blood M1n3, Bloomeria, Carbon Captors , ClimateDAO , EarthFund, Ecorise, Future Foundation, LOA Labs, MOONJELLY, Public Land Protocol, ReFi DAO, Solid World DAO"
162,1397929140766928909,Ribon,ribondao,http://pbs.twimg.com/profile_images/1414980075657781253/si45PDXk_normal.jpg,"Celo, RabbitHole, GitcoinDAO, VitaDAO",
163,1329272682400026629,Science Fund,sciencefund_io,http://pbs.twimg.com/profile_images/1440531407667798022/ng7cAvR-_normal.jpg,"Giveth, Opscientia.eth, GitcoinDAO","Giveth, Opscientia.eth, Planetary Resilience DAO, VitaDAO"
164,1298469241767649280,Seed Club,seedclubhq,http://pbs.twimg.com/profile_images/1473884422839566337/vQZXTA2m_normal.jpg,"ForeFront, Cabin, Protein Community","AntidoteDAO, Ants-review, Artizen, Avano, Blood M1n3, Boysclub Crypto, Cabin, Carbon Captors , Citizen DAO, ClimateDAO , Curve Labs, DeveloperDAO, EarthFund, Future Foundation, Geo Web, GitcoinDAO, Grow Your Own Cloud, HumanDAO, ixo, Layer3, Longtail Financial, Meta Gamma Delta DAO , Molecule, Nader Dabit, Parcel.money, Planetary Resilience DAO, Pozzle Planet, Project Ark, Protein Community, Public Land Protocol, Return Protocol, Socialstack, The Eden Dao, Treejer Protocol, Two Plus, VitaDAO"
165,1485904874873180162,SEEDS,joinseeds,http://pbs.twimg.com/profile_images/1485913376026988549/Ca50r5h-_normal.jpg,,
166,889002744081731584,Shamba,shambanetwork,http://pbs.twimg.com/profile_images/1450449197724053509/myoEHQkS_normal.jpg,"Celo, Earthbanc, ClimateDAO , GitcoinDAO, Ecorise, Basin DAO, AcreDAOS, ReFi DAO, The Eden Dao, MOONJELLY, Open Forest Protocol, KlimaDAO, Toucan, dClimate, Avano, ixo, Regen Network, Cosmos","Avano, Basin DAO, Earthbanc, Ecorise, ixo, MOONJELLY, Solid World DAO"
167,2561715571,ShapeShift DAO,shapeshift_io,http://pbs.twimg.com/profile_images/1478891293388382208/8ecf__10_normal.jpg,"Celo, Binance Academy, Regen Network, GitcoinDAO, Nori, Blockchain for Climate foundation, Giveth, Decrypt, she256, CoinTelegraph, Coinmarketcap Earn, CoinDesk, Coinbase Earn, Cosmos","Blockchain for Climate foundation, CoinDesk, Coinmarketcap Earn, CoinTelegraph, Decent DAO, Giveth, ixo, Longtail Financial, Nori, UltraSound Merch Supply Chain"
168,974504134169608197,she256,she_256,http://pbs.twimg.com/profile_images/1083237948995264512/dndkl5JN_normal.jpg,"Endaoment, UNICEF CryptoFund","Ants-review, Artizen, Blockchain for Climate foundation, Boysclub Crypto, Celo, Citizen DAO, DeveloperDAO, Dropout DAO, Endaoment, Giving Block, ixo, Kernel, Opscientia.eth, Planetary Resilience DAO, Pozzle Planet, Protein Community, Regen Network, ShapeShift DAO, TryCrypto"
169,1306249921398534147,Single Earth,singleearth1,http://pbs.twimg.com/profile_images/1409821418636861446/j7qcuRbF_normal.jpg,,"Avano, EarthFund, Open Forest Protocol, ReFi DAO, Return Protocol, Solid World DAO"
170,1347866128165560320,Socialstack,trysocialstack,http://pbs.twimg.com/profile_images/1486017781757845509/QzZje9US_normal.jpg,"DoinGud, Celo, Endaoment, KlimaDAO, Seed Club, CoinTelegraph","DoinGud, Endaoment, Protein Community"
171,1463495890849705990,Solid World DAO,solidworlddao,http://pbs.twimg.com/profile_images/1489284392992264197/24jk55_T_normal.jpg,"Shamba, NFTree Haus, MOONJELLY, Cherubs DAO, Future Foundation, Blood M1n3, AntidoteDAO, Pozzle Planet, Mercy Corps Ventures FinX, Carbon Captors , EarthFund, Cohere, Cool Points Club, Public Land Protocol, Return Protocol, PrimeDAO, 1Hive Gardens, Single Earth, Earthcoin, Sovereign Nature, Kolektivo, The DAOist, 1Hive, KlimaDAO, Nori, Open Earth Foundation, Aquari, Citizen DAO, Basin DAO, All for Climate, Rainforest Direct, Ecorise, Two Plus, Avano, Open Forest Protocol, Giveth, Diatom DAO, Popcorn, The Commons Stack, Celo, Regen Network, Bloomeria, dClimate, LOA Labs, Toucan, ClimateDAO , Project Ark, ixo, impactMarket, AcreDAOS, Earthbanc, Carbon Collectible NFTs, Climate Finance DAO, ReFi DAO, Cosmos, Angel Protocol, Astral Protocol, The Eden Dao, Ecodao, Blockchain for Climate foundation, Grassroots Economics, Dream DAO, Crypto Culture and Society, Treejer Protocol, Gain Forest","AntidoteDAO, Avano, Carbon Captors , ClimateDAO , Cool Points Club, EarthFund, Ecorise, ixo, LOA Labs, Public Land Protocol, Return Protocol"
172,1242354095861751810,SolidarityCard,solcardorg,http://pbs.twimg.com/profile_images/1457895697697619973/KvjphzvC_normal.jpg,"Giveth, Kleros, Proof of Humanity, Tip Party, GitcoinDAO, Gitcoin",
173,1118806903742763010,Sovereign Nature,sovereignnature,http://pbs.twimg.com/profile_images/1140680058698383360/1tGYV9Ni_normal.png,"Giving Block, The Commons Stack, TEC, Citizen DAO, Toucan, Astral Protocol, dClimate, KlimaDAO, The Eden Dao, Regen Network, LOA Labs, GitcoinDAO, Public Land Protocol, Pozzle Planet, Open Forest Protocol, Ecodao, ClimateDAO , Basin DAO, Longtail Financial, Blockchain for Climate foundation, Curve Labs, PrimeDAO","Avano, Blockchain for Climate foundation, Citizen DAO, Climate Finance DAO, Cohere, Curve Labs, EarthFund, LOA Labs, Longtail Financial, Open Forest Protocol, Public Land Protocol, Return Protocol, Solid World DAO"
174,1181854346129993730,SproutUp,sproutupapp,http://pbs.twimg.com/profile_images/1478125905851478021/IeMjGROi_normal.png,,
175,1412594810985271296,Station,0xstation,http://pbs.twimg.com/profile_images/1465787628553310211/DOMgJi5d_normal.jpg,,"Cabin, Citizen DAO, ClimateDAO , Dropout DAO, Nader Dabit, Protein Community, Surge, The Eden Dao"
176,1335340563940265985,Storc,storcswap,http://pbs.twimg.com/profile_images/1426445155838611459/T41EdYpN_normal.jpg,"GitcoinDAO, CoinTelegraph, Coinmarketcap Earn, CoinDesk, Coinbase Earn",
177,1425157729472196610,SuperBenefit,superbenefitdao,http://pbs.twimg.com/profile_images/1425158072432013314/VMAOE4fy_normal.jpg,,"_slow_crypto - Fabrics of Reality, ClimateDAO , ReFi DAO"
178,1450577818656538624,Surge,surge_women,http://pbs.twimg.com/profile_images/1453433842077818883/VZcpMbbl_normal.jpg,"Citizen DAO, Crypto Culture and Society, TryCrypto, ForeFront, web3baddies, Station, GitcoinDAO, Kernel, CoinDesk","_slow_crypto - Fabrics of Reality, Boysclub Crypto, Cherubs DAO, Citizen DAO, DeveloperDAO, Dropout DAO, Kernel, Meta Gamma Delta DAO , Molecule, Opscientia.eth, Protein Community, Public Land Protocol, TryCrypto"
179,1316549542041448448,TEC,tecmns,http://pbs.twimg.com/profile_images/1359180303332433923/J1XNdjPW_normal.png,"DoinGud, VitaDAO, Popcorn, Tip Party, 0xdaoApe, Gitcoin, PrimeDAO, Panvala, Longtail Financial, The DAOist, 1Hive Gardens, GitcoinDAO, Giveth, Curve Labs, 1Hive, The Commons Stack","0xdaoApe, 1Hive Gardens, Ants-review, Cherubs DAO, Citizen DAO, ClimateDAO , Curve Labs, Geo Web, Giveth, ixo, LOA Labs, Longtail Financial, MOONJELLY, Pozzle Planet, PrimeDAO, Proof of Humanity, Protein Community, Regen Network, Sovereign Nature, The Commons Stack, The DAOist, The Eden Dao, Tip Party, Toucan, VitaDAO"
180,1486709808686198786,the AGI DAO,theagidao,http://pbs.twimg.com/profile_images/1486739409651253252/tJwcxYrm_normal.jpg,,
181,1105766889521860608,The Commons Stack,commonsstack,http://pbs.twimg.com/profile_images/1138502303995039745/3uuHITMX_normal.png,"Longtail Financial, Toucan, TEC, Giving Block, The DAOist, Regen Network, Foresight Institute DAO, Radicle, 1Hive, Kolektivo, GitcoinDAO, Panvala, ixo, Outlier Ventures, Giveth, Grassroots Economics, Curve Labs, Molecule","0xdaoApe, 1Hive, Ants-review, Artizen, Bloomeria, Citizen DAO, Curve Labs, EarthFund, Geo Web, Giveth, ixo, Kolektivo, LOA Labs, Longtail Financial, Molecule, Opscientia.eth, Outlier Ventures, Panvala, Pozzle Planet, PrimeDAO, Project Ark, Proof of Humanity, Protein Community, Public Land Protocol, Regen Network, Return Protocol, Solid World DAO, Sovereign Nature, TEC, The DAOist, The Eden Dao, Toucan, VitaDAO"
182,1162001625965367300,The DAOist,thedaoist_,http://pbs.twimg.com/profile_images/1414963472257929226/Jz9bEyUb_normal.png,"ForeFront, Radicle, VitaDAO, Tip Party, Cabin, Gitcoin, GitcoinDAO, Celo, Longtail Financial, TEC, 1Hive Gardens, KlimaDAO, Layer3, PrimeDAO, Giveth, Kolektivo, 1Hive, The Commons Stack","0xdaoApe, 1Hive, Blood M1n3, Celo, Cherubs DAO, Citizen DAO, Cohere, Curve Labs, Giveth, ixo, Kolektivo, Longtail Financial, Molecule, MOONJELLY, Planetary Resilience DAO, Pozzle Planet, PrimeDAO, Protein Community, Public Land Protocol, Solid World DAO, TEC, The Commons Stack, The Eden Dao, Therapoid, VitaDAO"
183,1441832916254806018,The Eden Dao,theedendao,http://pbs.twimg.com/profile_images/1486138412155301888/x0Axrznt_normal.jpg,"Ecorise, ReFi DAO, Regen Network, Dream DAO, GitcoinDAO, Curve Labs, All for Climate, Kumo Earth, AcreDAOS, TEC, 1Hive Gardens, PrimeDAO, ClimateDAO , Diatom DAO, Ecodao, Toucan, KlimaDAO, The DAOist, Station, DoinGud, The Commons Stack, Seed Club","AcreDAOS, All for Climate, AntidoteDAO, Avano, Basin DAO, Bloomeria, Carbon Captors , Citizen DAO, Climate Finance DAO, ClimateDAO , Cohere, dClimate, Earthbanc, EarthFund, Ecorise, Endaoment, ixo, LOA Labs, MOONJELLY, NFTree Haus, Pozzle Planet, PrimeDAO, Project Ark, Protein Community, Public Land Protocol, ReFi DAO, Regen Network, Return Protocol, Shamba, Solid World DAO, Sovereign Nature, Treejer Protocol"
184,3042992050,Therapoid,opentherapeutic,http://pbs.twimg.com/profile_images/1333840579361378307/-rQ2dJPO_normal.jpg,"CoinDesk, The DAOist, Coinbase Earn","Molecule, Planetary Resilience DAO"
185,1433871956173115395,Tip Party,moonshotcollect,http://pbs.twimg.com/profile_images/1471546323317010440/q2X940i4_normal.jpg,"TEC, PrimeDAO, GitcoinDAO, Gitcoin, DeveloperDAO","Cheerbot, Cherubs DAO, Citizen DAO, Climate Finance DAO, DeveloperDAO, Earthbanc, Geo Web, Gitcoin, GitcoinDAO, Nader Dabit, PrimeDAO, SolidarityCard, TEC, The DAOist, VitaDAO"
186,1236588367267102720,Toucan,toucanprotocol,http://pbs.twimg.com/profile_images/1450058012152979458/89XQ2ZBZ_normal.jpg,"Celo, Nori, Earthcoin, Popcorn, Protein Community, Astral Protocol, Kernel, KlimaDAO, Giveth, VitaDAO, TEC, PrimeDAO, GitcoinDAO, Meta Gamma Delta DAO , Kolektivo, Curve Labs, The Commons Stack","AcreDAOS, All for Climate, Astral Protocol, Avano, Basin DAO, Blockchain for Climate foundation, Blood M1n3, Bloomeria, Carbon Captors , Citizen DAO, Climate Finance DAO, ClimateDAO , Cool Points Club, Curve Labs, dClimate, Earthbanc, EarthFund, Ecodao, Geo Web, Gitcoin, Giveth, Impact, ixo, Kernel, KlimaDAO, Kolektivo, LOA Labs, Longtail Financial, Mercy Corps Ventures FinX, MOONJELLY, Open Forest Protocol, Pozzle Planet, PR1S0N Art, Project Ark, Protein Community, Public Land Protocol, ReFi DAO, Regen Network, Return Protocol, Shamba, Solid World DAO, Sovereign Nature, The Commons Stack, The Eden Dao"
187,887709027492388865,Treejer Protocol,treejertalks,http://pbs.twimg.com/profile_images/1155201409878503425/jJL1wwad_normal.jpg,"Giveth, ReFi DAO, Gaia, ixo, AcreDAOS, Kolektivo, Basin DAO, All for Climate, Climate Finance DAO, Diatom DAO, The Eden Dao, GitcoinDAO, Giving Block, Blockchain for Climate foundation, Project Ark, Seed Club, UNICEF CryptoFund, Regen Network","Bloomeria, Carbon Captors , Climate Finance DAO, EarthFund, Kolektivo, LOA Labs, Project Ark, ReFi DAO, Return Protocol, Solid World DAO"
188,989752850006794240,TryCrypto,trycrypto,http://pbs.twimg.com/profile_images/1416195244282970113/2AIE83SR_normal.jpg,"Buildspace, Surge, Kernel, Dropout DAO, GitcoinDAO, DeveloperDAO, Boysclub Crypto, web3baddies, she256, Quest Book","Ants-review, Boysclub Crypto, DeveloperDAO, Planetary Resilience DAO, Surge, web3baddies"
189,1335890680011517959,Two Plus,twoplusdao,http://pbs.twimg.com/profile_images/1471526686021885952/x_h9Zxf9_normal.jpg,"Seed Club, Crypto Culture and Society, ForeFront, Boysclub Crypto","Avano, Citizen DAO, Cohere, HumanDAO, ixo, Pozzle Planet, Protein Community, Public Land Protocol, Solid World DAO, WellnessDAO"
190,1488196315062444032,UltraSound Merch Supply Chain,ultrasoundmerch,http://pbs.twimg.com/profile_images/1488266138320527366/FmfTA-zW_normal.jpg,"DAOpunks, ShapeShift DAO, Gitcoin",DAOpunks
191,1243054812,UNICEF CryptoFund,unicefinnovate,http://pbs.twimg.com/profile_images/1239983011539619840/QxoPitsQ_normal.jpg,CoinDesk,"Celo, elimu.ai Community üë©üèΩ‚ÄçüöÄ, impactMarket, ixo, Molecule, she256, Treejer Protocol"
192,1458222566162714626,Vibe Bio,vibe_bio,http://pbs.twimg.com/profile_images/1479461375726526469/zUxeOqsu_normal.png,,"Cherubs DAO, Citizen DAO, Molecule, Opscientia.eth, VitaDAO"
193,1361314891425067009,VitaDAO,vita_dao,http://pbs.twimg.com/profile_images/1463097895696183298/9EYOgc3Y_normal.jpg,"Seed Club, Atoms, Vibe Bio, Tip Party, Molecule, Science Fund, Gitcoin, Opscientia.eth, ResearchHub DAO, OpenAccessDAO, KlimaDAO, LabDAO, The DAOist, GitcoinDAO, PsyDAO, CoinTelegraph, Giveth, The Commons Stack, Foresight Institute DAO, CoinDesk, Molecule, TEC, Curve Labs","AcreDAOS, AntidoteDAO, Ants-review, Cabin, Cherubs DAO, Citizen DAO, ClimateDAO , Curve Labs, Foresight Institute DAO, ixo, LabDAO, LYNX, Molecule, Nader Dabit, OpenAccessDAO, Opscientia.eth, Parcel.money, Planetary Resilience DAO, Ribon, TEC, The DAOist, Toucan"
194,1469455029929009155,We3,hello_we3,http://pbs.twimg.com/profile_images/1499821341356146688/Tl2u-x_m_normal.jpg,,"Boysclub Crypto, Dropout DAO, Meta Gamma Delta DAO "
195,1488939650563596290,Web3 Music Metadata Standards Coalition,web3coalition,http://pbs.twimg.com/profile_images/1490713922269233158/O3MZwyl7_normal.jpg,,Cheerbot
196,1443281864735608832,Web3 University,web3university,http://pbs.twimg.com/profile_images/1487523631122968577/XP9ClqYd_normal.png,"Buildspace, RabbitHole, Nader Dabit, DeveloperDAO","DeveloperDAO, Nas Academy"
197,1440733698274459648,web3baddies,web3baddies,http://pbs.twimg.com/profile_images/1449124855761326083/skQmBZn1_normal.jpg,"TryCrypto, Kernel, DeveloperDAO, Boysclub Crypto, CoinDesk","Artizen, Boysclub Crypto, Citizen DAO, ClimateDAO , DeveloperDAO, Dropout DAO, LOA Labs, Meta Gamma Delta DAO , Nader Dabit, Protein Community, Surge, TryCrypto"
198,1485047824152731650,WellnessDAO,wellnessdao,http://pbs.twimg.com/profile_images/1498471208664199172/4taknTus_normal.jpg,"Ecodao, Cabin, DeveloperDAO, Boysclub Crypto, Two Plus","Boysclub Crypto, DeveloperDAO"
199,1382049434935160835,Whiteboard Crypto,whiteboardcryp1,http://pbs.twimg.com/profile_images/1434148170842443784/VXSIPgRp_normal.jpg,CoinTelegraph,CoinTelegraph
200,70203939,Worldcoin,worldcoin,http://pbs.twimg.com/profile_images/1446555391584837634/5FxpR1ZW_normal.jpg,,Protein Community
